date,timestamp,price_usd,symbol,contract_address,source,fetched_at_utc
2025-01-12,2025-01-12 00:00:00+00:00,0.0014955941972278602,TIBBIR,0xa4a2e2ca3fbfe21aed83471d28b6f65a233c6e00,dex_reserves_tibbir_virtual,2026-05-17T09:08:19.376893+00:00
2025-01-13,2025-01-13 00:00:00+00:00,0.0018781264547642258,TIBBIR,0xa4a2e2ca3fbfe21aed83471d28b6f65a233c6e00,dex_reserves_tibbir_virtual,2026-05-17T09:08:19.376893+00:00
2025-01-14,2025-01-14 00:00:00+00:00,0.0032407117109409618,TIBBIR,0xa4a2e2ca3fbfe21aed83471d28b6f65a233c6e00,dex_reserves_tibbir_virtual,2026-05-17T09:08:19.376893+00:00
2025-01-15,2025-01-15 00:00:00+00:00,0.002041503147056019,TIBBIR,0xa4a2e2ca3fbfe21aed83471d28b6f65a233c6e00,dex_reserves_tibbir_virtual,2026-05-17T09:08:19.376893+00:00
2025-01-16,2025-01-16 00:00:00+00:00,0.007301831920530153,TIBBIR,0xa4a2e2ca3fbfe21aed83471d28b6f65a233c6e00,dex_reserves_tibbir_virtual,2026-05-17T09:08:19.376893+00:00
2025-01-17,2025-01-17 00:00:00+00:00,0.006705742839955772,TIBBIR,0xa4a2e2ca3fbfe21aed83471d28b6f65a233c6e00,dex_reserves_tibbir_virtual,2026-05-17T09:08:19.376893+00:00
2025-01-18,2025-01-18 00:00:00+00:00,0.005118384450384527,TIBBIR,0xa4a2e2ca3fbfe21aed83471d28b6f65a233c6e00,dex_reserves_tibbir_virtual,2026-05-17T09:08:19.376893+00:00
2025-01-19,2025-01-19 00:00:00+00:00,0.0028048294769424773,TIBBIR,0xa4a2e2ca3fbfe21aed83471d28b6f65a233c6e00,dex_reserves_tibbir_virtual,2026-05-17T09:08:19.376893+00:00
2025-01-20,2025-01-20 00:00:00+00:00,0.0020899581710118365,TIBBIR,0xa4a2e2ca3fbfe21aed83471d28b6f65a233c6e00,dex_reserves_tibbir_virtual,2026-05-17T09:08:19.376893+00:00
2025-01-21,2025-01-21 00:00:00+00:00,0.007280533080327301,TIBBIR,0xa4a2e2ca3fbfe21aed83471d28b6f65a233c6e00,dex_reserves_tibbir_virtual,2026-05-17T09:08:19.376893+00:00
2025-01-22,2025-01-22 00:00:00+00:00,0.006318904989657839,TIBBIR,0xa4a2e2ca3fbfe21aed83471d28b6f65a233c6e00,dex_reserves_tibbir_virtual,2026-05-17T09:08:19.376893+00:00
2025-01-23,2025-01-23 00:00:00+00:00,0.009378417654915618,TIBBIR,0xa4a2e2ca3fbfe21aed83471d28b6f65a233c6e00,dex_reserves_tibbir_virtual,2026-05-17T09:08:19.376893+00:00
2025-01-24,2025-01-24 00:00:00+00:00,0.005880467924898287,TIBBIR,0xa4a2e2ca3fbfe21aed83471d28b6f65a233c6e00,dex_reserves_tibbir_virtual,2026-05-17T09:08:19.376893+00:00
2025-01-25,2025-01-25 00:00:00+00:00,0.006531375403129686,TIBBIR,0xa4a2e2ca3fbfe21aed83471d28b6f65a233c6e00,dex_reserves_tibbir_virtual,2026-05-17T09:08:19.376893+00:00
2025-01-26,2025-01-26 00:00:00+00:00,0.0061534779004720494,TIBBIR,0xa4a2e2ca3fbfe21aed83471d28b6f65a233c6e00,dex_reserves_tibbir_virtual,2026-05-17T09:08:19.376893+00:00
2025-01-27,2025-01-27 00:00:00+00:00,0.00820983344836353,TIBBIR,0xa4a2e2ca3fbfe21aed83471d28b6f65a233c6e00,dex_reserves_tibbir_virtual,2026-05-17T09:08:19.376893+00:00
2025-01-28,2025-01-28 00:00:00+00:00,0.01115462046680326,TIBBIR,0xa4a2e2ca3fbfe21aed83471d28b6f65a233c6e00,dex_reserves_tibbir_virtual,2026-05-17T09:08:19.376893+00:00
2025-01-29,2025-01-29 00:00:00+00:00,0.01525649027854183,TIBBIR,0xa4a2e2ca3fbfe21aed83471d28b6f65a233c6e00,dex_reserves_tibbir_virtual,2026-05-17T09:08:19.376893+00:00
2025-01-30,2025-01-30 00:00:00+00:00,0.023539527910106144,TIBBIR,0xa4a2e2ca3fbfe21aed83471d28b6f65a233c6e00,dex_reserves_tibbir_virtual,2026-05-17T09:08:19.376893+00:00
2025-01-31,2025-01-31 00:00:00+00:00,0.019570292549473605,TIBBIR,0xa4a2e2ca3fbfe21aed83471d28b6f65a233c6e00,dex_reserves_tibbir_virtual,2026-05-17T09:08:19.376893+00:00
2025-02-01,2025-02-01 00:00:00+00:00,0.020119791132716516,TIBBIR,0xa4a2e2ca3fbfe21aed83471d28b6f65a233c6e00,dex_reserves_tibbir_virtual,2026-05-17T09:08:19.376893+00:00
2025-02-02,2025-02-02 00:00:00+00:00,0.018603924737639464,TIBBIR,0xa4a2e2ca3fbfe21aed83471d28b6f65a233c6e00,dex_reserves_tibbir_virtual,2026-05-17T09:08:19.376893+00:00
2025-02-03,2025-02-03 00:00:00+00:00,0.023816640225670017,TIBBIR,0xa4a2e2ca3fbfe21aed83471d28b6f65a233c6e00,dex_reserves_tibbir_virtual,2026-05-17T09:08:19.376893+00:00
2025-02-04,2025-02-04 00:00:00+00:00,0.020939327628243472,TIBBIR,0xa4a2e2ca3fbfe21aed83471d28b6f65a233c6e00,dex_reserves_tibbir_virtual,2026-05-17T09:08:19.376893+00:00
2025-02-05,2025-02-05 00:00:00+00:00,0.019521130318297508,TIBBIR,0xa4a2e2ca3fbfe21aed83471d28b6f65a233c6e00,dex_reserves_tibbir_virtual,2026-05-17T09:08:19.376893+00:00
2025-02-06,2025-02-06 00:00:00+00:00,0.017780644208431444,TIBBIR,0xa4a2e2ca3fbfe21aed83471d28b6f65a233c6e00,dex_reserves_tibbir_virtual,2026-05-17T09:08:19.376893+00:00
2025-02-07,2025-02-07 00:00:00+00:00,0.01314645896382371,TIBBIR,0xa4a2e2ca3fbfe21aed83471d28b6f65a233c6e00,dex_reserves_tibbir_virtual,2026-05-17T09:08:19.376893+00:00
2025-02-08,2025-02-08 00:00:00+00:00,0.012990689658960131,TIBBIR,0xa4a2e2ca3fbfe21aed83471d28b6f65a233c6e00,dex_reserves_tibbir_virtual,2026-05-17T09:08:19.376893+00:00
2025-02-09,2025-02-09 00:00:00+00:00,0.016502283326847552,TIBBIR,0xa4a2e2ca3fbfe21aed83471d28b6f65a233c6e00,dex_reserves_tibbir_virtual,2026-05-17T09:08:19.376893+00:00
2025-02-10,2025-02-10 00:00:00+00:00,0.012530312356552428,TIBBIR,0xa4a2e2ca3fbfe21aed83471d28b6f65a233c6e00,dex_reserves_tibbir_virtual,2026-05-17T09:08:19.376893+00:00
2025-02-11,2025-02-11 00:00:00+00:00,0.010267900337985065,TIBBIR,0xa4a2e2ca3fbfe21aed83471d28b6f65a233c6e00,dex_reserves_tibbir_virtual,2026-05-17T09:08:19.376893+00:00
2025-02-12,2025-02-12 00:00:00+00:00,0.012658565182260252,TIBBIR,0xa4a2e2ca3fbfe21aed83471d28b6f65a233c6e00,dex_reserves_tibbir_virtual,2026-05-17T09:08:19.376893+00:00
2025-02-13,2025-02-13 00:00:00+00:00,0.013173911254412507,TIBBIR,0xa4a2e2ca3fbfe21aed83471d28b6f65a233c6e00,dex_reserves_tibbir_virtual,2026-05-17T09:08:19.376893+00:00
2025-02-14,2025-02-14 00:00:00+00:00,0.013017131499892464,TIBBIR,0xa4a2e2ca3fbfe21aed83471d28b6f65a233c6e00,dex_reserves_tibbir_virtual,2026-05-17T09:08:19.376893+00:00
2025-02-15,2025-02-15 00:00:00+00:00,0.01562493966006078,TIBBIR,0xa4a2e2ca3fbfe21aed83471d28b6f65a233c6e00,dex_reserves_tibbir_virtual,2026-05-17T09:08:19.376893+00:00
2025-02-16,2025-02-16 00:00:00+00:00,0.014373622586702021,TIBBIR,0xa4a2e2ca3fbfe21aed83471d28b6f65a233c6e00,dex_reserves_tibbir_virtual,2026-05-17T09:08:19.376893+00:00
2025-02-17,2025-02-17 00:00:00+00:00,0.013599347291616984,TIBBIR,0xa4a2e2ca3fbfe21aed83471d28b6f65a233c6e00,dex_reserves_tibbir_virtual,2026-05-17T09:08:19.376893+00:00
2025-02-18,2025-02-18 00:00:00+00:00,0.011789366178805705,TIBBIR,0xa4a2e2ca3fbfe21aed83471d28b6f65a233c6e00,dex_reserves_tibbir_virtual,2026-05-17T09:08:19.376893+00:00
2025-02-19,2025-02-19 00:00:00+00:00,0.011612996066171902,TIBBIR,0xa4a2e2ca3fbfe21aed83471d28b6f65a233c6e00,dex_reserves_tibbir_virtual,2026-05-17T09:08:19.376893+00:00
2025-02-20,2025-02-20 00:00:00+00:00,0.012076052794785994,TIBBIR,0xa4a2e2ca3fbfe21aed83471d28b6f65a233c6e00,dex_reserves_tibbir_virtual,2026-05-17T09:08:19.376893+00:00
2025-02-21,2025-02-21 00:00:00+00:00,0.011402541075125077,TIBBIR,0xa4a2e2ca3fbfe21aed83471d28b6f65a233c6e00,dex_reserves_tibbir_virtual,2026-05-17T09:08:19.376893+00:00
2025-02-22,2025-02-22 00:00:00+00:00,0.013914702475111436,TIBBIR,0xa4a2e2ca3fbfe21aed83471d28b6f65a233c6e00,dex_reserves_tibbir_virtual,2026-05-17T09:08:19.376893+00:00
2025-02-23,2025-02-23 00:00:00+00:00,0.014236228259487577,TIBBIR,0xa4a2e2ca3fbfe21aed83471d28b6f65a233c6e00,dex_reserves_tibbir_virtual,2026-05-17T09:08:19.376893+00:00
2025-02-24,2025-02-24 00:00:00+00:00,0.013149281076210361,TIBBIR,0xa4a2e2ca3fbfe21aed83471d28b6f65a233c6e00,dex_reserves_tibbir_virtual,2026-05-17T09:08:19.376893+00:00
2025-02-25,2025-02-25 00:00:00+00:00,0.011075312385391726,TIBBIR,0xa4a2e2ca3fbfe21aed83471d28b6f65a233c6e00,dex_reserves_tibbir_virtual,2026-05-17T09:08:19.376893+00:00
2025-02-26,2025-02-26 00:00:00+00:00,0.0102567033528844,TIBBIR,0xa4a2e2ca3fbfe21aed83471d28b6f65a233c6e00,dex_reserves_tibbir_virtual,2026-05-17T09:08:19.376893+00:00
2025-02-27,2025-02-27 00:00:00+00:00,0.012401513892308355,TIBBIR,0xa4a2e2ca3fbfe21aed83471d28b6f65a233c6e00,dex_reserves_tibbir_virtual,2026-05-17T09:08:19.376893+00:00
2025-02-28,2025-02-28 00:00:00+00:00,0.01230512830334027,TIBBIR,0xa4a2e2ca3fbfe21aed83471d28b6f65a233c6e00,dex_reserves_tibbir_virtual,2026-05-17T09:08:19.376893+00:00
2025-03-01,2025-03-01 00:00:00+00:00,0.014329923695833437,TIBBIR,0xa4a2e2ca3fbfe21aed83471d28b6f65a233c6e00,dex_reserves_tibbir_virtual,2026-05-17T09:08:19.376893+00:00
2025-03-02,2025-03-02 00:00:00+00:00,0.014960776964958776,TIBBIR,0xa4a2e2ca3fbfe21aed83471d28b6f65a233c6e00,dex_reserves_tibbir_virtual,2026-05-17T09:08:19.376893+00:00
2025-03-03,2025-03-03 00:00:00+00:00,0.01638768028560114,TIBBIR,0xa4a2e2ca3fbfe21aed83471d28b6f65a233c6e00,dex_reserves_tibbir_virtual,2026-05-17T09:08:19.376893+00:00
2025-03-04,2025-03-04 00:00:00+00:00,0.01399437643423456,TIBBIR,0xa4a2e2ca3fbfe21aed83471d28b6f65a233c6e00,dex_reserves_tibbir_virtual,2026-05-17T09:08:19.376893+00:00
2025-03-05,2025-03-05 00:00:00+00:00,0.013798970071032337,TIBBIR,0xa4a2e2ca3fbfe21aed83471d28b6f65a233c6e00,dex_reserves_tibbir_virtual,2026-05-17T09:08:19.376893+00:00
2025-03-06,2025-03-06 00:00:00+00:00,0.014392162376331811,TIBBIR,0xa4a2e2ca3fbfe21aed83471d28b6f65a233c6e00,dex_reserves_tibbir_virtual,2026-05-17T09:08:19.376893+00:00
2025-03-07,2025-03-07 00:00:00+00:00,0.012146626358747236,TIBBIR,0xa4a2e2ca3fbfe21aed83471d28b6f65a233c6e00,dex_reserves_tibbir_virtual,2026-05-17T09:08:19.376893+00:00
2025-03-08,2025-03-08 00:00:00+00:00,0.011456580711171062,TIBBIR,0xa4a2e2ca3fbfe21aed83471d28b6f65a233c6e00,dex_reserves_tibbir_virtual,2026-05-17T09:08:19.376893+00:00
2025-03-09,2025-03-09 00:00:00+00:00,0.012280969457534527,TIBBIR,0xa4a2e2ca3fbfe21aed83471d28b6f65a233c6e00,dex_reserves_tibbir_virtual,2026-05-17T09:08:19.376893+00:00
2025-03-10,2025-03-10 00:00:00+00:00,0.011608761254662947,TIBBIR,0xa4a2e2ca3fbfe21aed83471d28b6f65a233c6e00,dex_reserves_tibbir_virtual,2026-05-17T09:08:19.376893+00:00
2025-03-11,2025-03-11 00:00:00+00:00,0.009857973278273358,TIBBIR,0xa4a2e2ca3fbfe21aed83471d28b6f65a233c6e00,dex_reserves_tibbir_virtual,2026-05-17T09:08:19.376893+00:00
2025-03-12,2025-03-12 00:00:00+00:00,0.009390520681765428,TIBBIR,0xa4a2e2ca3fbfe21aed83471d28b6f65a233c6e00,dex_reserves_tibbir_virtual,2026-05-17T09:08:19.376893+00:00
2025-03-13,2025-03-13 00:00:00+00:00,0.01064228808696353,TIBBIR,0xa4a2e2ca3fbfe21aed83471d28b6f65a233c6e00,dex_reserves_tibbir_virtual,2026-05-17T09:08:19.376893+00:00
2025-03-14,2025-03-14 00:00:00+00:00,0.0098695558568817,TIBBIR,0xa4a2e2ca3fbfe21aed83471d28b6f65a233c6e00,dex_reserves_tibbir_virtual,2026-05-17T09:08:19.376893+00:00
2025-03-15,2025-03-15 00:00:00+00:00,0.01192424772072121,TIBBIR,0xa4a2e2ca3fbfe21aed83471d28b6f65a233c6e00,dex_reserves_tibbir_virtual,2026-05-17T09:08:19.376893+00:00
2025-03-16,2025-03-16 00:00:00+00:00,0.01121721737224239,TIBBIR,0xa4a2e2ca3fbfe21aed83471d28b6f65a233c6e00,dex_reserves_tibbir_virtual,2026-05-17T09:08:19.376893+00:00
2025-03-17,2025-03-17 00:00:00+00:00,0.012480989622374044,TIBBIR,0xa4a2e2ca3fbfe21aed83471d28b6f65a233c6e00,dex_reserves_tibbir_virtual,2026-05-17T09:08:19.376893+00:00
2025-03-18,2025-03-18 00:00:00+00:00,0.014755472176249755,TIBBIR,0xa4a2e2ca3fbfe21aed83471d28b6f65a233c6e00,dex_reserves_tibbir_virtual,2026-05-17T09:08:19.376893+00:00
2025-03-19,2025-03-19 00:00:00+00:00,0.018533393701500707,TIBBIR,0xa4a2e2ca3fbfe21aed83471d28b6f65a233c6e00,dex_reserves_tibbir_virtual,2026-05-17T09:08:19.376893+00:00
2025-03-20,2025-03-20 00:00:00+00:00,0.025723131322729544,TIBBIR,0xa4a2e2ca3fbfe21aed83471d28b6f65a233c6e00,dex_reserves_tibbir_virtual,2026-05-17T09:08:19.376893+00:00
2025-03-21,2025-03-21 00:00:00+00:00,0.022956016934400053,TIBBIR,0xa4a2e2ca3fbfe21aed83471d28b6f65a233c6e00,dex_reserves_tibbir_virtual,2026-05-17T09:08:19.376893+00:00
2025-03-22,2025-03-22 00:00:00+00:00,0.019521058005437658,TIBBIR,0xa4a2e2ca3fbfe21aed83471d28b6f65a233c6e00,dex_reserves_tibbir_virtual,2026-05-17T09:08:19.376893+00:00
2025-03-23,2025-03-23 00:00:00+00:00,0.031093096848342935,TIBBIR,0xa4a2e2ca3fbfe21aed83471d28b6f65a233c6e00,dex_reserves_tibbir_virtual,2026-05-17T09:08:19.376893+00:00
2025-03-24,2025-03-24 00:00:00+00:00,0.038300460032143796,TIBBIR,0xa4a2e2ca3fbfe21aed83471d28b6f65a233c6e00,dex_reserves_tibbir_virtual,2026-05-17T09:08:19.376893+00:00
2025-03-25,2025-03-25 00:00:00+00:00,0.0394971018,TIBBIR,0xa4a2e2ca3fbfe21aed83471d28b6f65a233c6e00,alchemy_prices,2026-05-17T09:08:01.532616+00:00
2025-03-26,2025-03-26 00:00:00+00:00,0.0394971018,TIBBIR,0xa4a2e2ca3fbfe21aed83471d28b6f65a233c6e00,alchemy_prices,2026-05-17T09:08:01.532616+00:00
2025-03-27,2025-03-27 00:00:00+00:00,0.0355862638,TIBBIR,0xa4a2e2ca3fbfe21aed83471d28b6f65a233c6e00,alchemy_prices,2026-05-17T09:08:01.532616+00:00
2025-03-28,2025-03-28 00:00:00+00:00,0.0260296711,TIBBIR,0xa4a2e2ca3fbfe21aed83471d28b6f65a233c6e00,alchemy_prices,2026-05-17T09:08:01.532616+00:00
2025-03-29,2025-03-29 00:00:00+00:00,0.0265295098,TIBBIR,0xa4a2e2ca3fbfe21aed83471d28b6f65a233c6e00,alchemy_prices,2026-05-17T09:08:01.532616+00:00
2025-03-30,2025-03-30 00:00:00+00:00,0.0210155838,TIBBIR,0xa4a2e2ca3fbfe21aed83471d28b6f65a233c6e00,alchemy_prices,2026-05-17T09:08:01.532616+00:00
2025-03-31,2025-03-31 00:00:00+00:00,0.0186384233,TIBBIR,0xa4a2e2ca3fbfe21aed83471d28b6f65a233c6e00,alchemy_prices,2026-05-17T09:08:01.532616+00:00
2025-04-01,2025-04-01 00:00:00+00:00,0.0186333545,TIBBIR,0xa4a2e2ca3fbfe21aed83471d28b6f65a233c6e00,alchemy_prices,2026-05-17T09:08:01.532616+00:00
2025-04-02,2025-04-02 00:00:00+00:00,0.0183623623,TIBBIR,0xa4a2e2ca3fbfe21aed83471d28b6f65a233c6e00,alchemy_prices,2026-05-17T09:08:01.532616+00:00
2025-04-03,2025-04-03 00:00:00+00:00,0.0162206953,TIBBIR,0xa4a2e2ca3fbfe21aed83471d28b6f65a233c6e00,alchemy_prices,2026-05-17T09:08:01.532616+00:00
2025-04-04,2025-04-04 00:00:00+00:00,0.0152382742,TIBBIR,0xa4a2e2ca3fbfe21aed83471d28b6f65a233c6e00,alchemy_prices,2026-05-17T09:08:01.532616+00:00
2025-04-05,2025-04-05 00:00:00+00:00,0.0172044125,TIBBIR,0xa4a2e2ca3fbfe21aed83471d28b6f65a233c6e00,alchemy_prices,2026-05-17T09:08:01.532616+00:00
2025-04-06,2025-04-06 00:00:00+00:00,0.0167364248,TIBBIR,0xa4a2e2ca3fbfe21aed83471d28b6f65a233c6e00,alchemy_prices,2026-05-17T09:08:01.532616+00:00
2025-04-07,2025-04-07 00:00:00+00:00,0.0134832621,TIBBIR,0xa4a2e2ca3fbfe21aed83471d28b6f65a233c6e00,alchemy_prices,2026-05-17T09:08:01.532616+00:00
2025-04-08,2025-04-08 00:00:00+00:00,0.0142300619,TIBBIR,0xa4a2e2ca3fbfe21aed83471d28b6f65a233c6e00,alchemy_prices,2026-05-17T09:08:01.532616+00:00
2025-04-09,2025-04-09 00:00:00+00:00,0.0143813103,TIBBIR,0xa4a2e2ca3fbfe21aed83471d28b6f65a233c6e00,alchemy_prices,2026-05-17T09:08:01.532616+00:00
2025-04-10,2025-04-10 00:00:00+00:00,0.0173808992,TIBBIR,0xa4a2e2ca3fbfe21aed83471d28b6f65a233c6e00,alchemy_prices,2026-05-17T09:08:01.532616+00:00
2025-04-11,2025-04-11 00:00:00+00:00,0.0157177209,TIBBIR,0xa4a2e2ca3fbfe21aed83471d28b6f65a233c6e00,alchemy_prices,2026-05-17T09:08:01.532616+00:00
2025-04-12,2025-04-12 00:00:00+00:00,0.0191821143,TIBBIR,0xa4a2e2ca3fbfe21aed83471d28b6f65a233c6e00,alchemy_prices,2026-05-17T09:08:01.532616+00:00
2025-04-13,2025-04-13 00:00:00+00:00,0.0219578697,TIBBIR,0xa4a2e2ca3fbfe21aed83471d28b6f65a233c6e00,alchemy_prices,2026-05-17T09:08:01.532616+00:00
2025-04-14,2025-04-14 00:00:00+00:00,0.0186303743,TIBBIR,0xa4a2e2ca3fbfe21aed83471d28b6f65a233c6e00,alchemy_prices,2026-05-17T09:08:01.532616+00:00
2025-04-15,2025-04-15 00:00:00+00:00,0.020194037,TIBBIR,0xa4a2e2ca3fbfe21aed83471d28b6f65a233c6e00,alchemy_prices,2026-05-17T09:08:01.532616+00:00
2025-04-16,2025-04-16 00:00:00+00:00,0.0234094212,TIBBIR,0xa4a2e2ca3fbfe21aed83471d28b6f65a233c6e00,alchemy_prices,2026-05-17T09:08:01.532616+00:00
2025-04-17,2025-04-17 00:00:00+00:00,0.0294499738,TIBBIR,0xa4a2e2ca3fbfe21aed83471d28b6f65a233c6e00,alchemy_prices,2026-05-17T09:08:01.532616+00:00
2025-04-18,2025-04-18 00:00:00+00:00,0.0279742976,TIBBIR,0xa4a2e2ca3fbfe21aed83471d28b6f65a233c6e00,alchemy_prices,2026-05-17T09:08:01.532616+00:00
2025-04-19,2025-04-19 00:00:00+00:00,0.0282470924,TIBBIR,0xa4a2e2ca3fbfe21aed83471d28b6f65a233c6e00,alchemy_prices,2026-05-17T09:08:01.532616+00:00
2025-04-20,2025-04-20 00:00:00+00:00,0.0265130946,TIBBIR,0xa4a2e2ca3fbfe21aed83471d28b6f65a233c6e00,alchemy_prices,2026-05-17T09:08:01.532616+00:00
2025-04-21,2025-04-21 00:00:00+00:00,0.0272774602,TIBBIR,0xa4a2e2ca3fbfe21aed83471d28b6f65a233c6e00,alchemy_prices,2026-05-17T09:08:01.532616+00:00
2025-04-22,2025-04-22 00:00:00+00:00,0.0262322219,TIBBIR,0xa4a2e2ca3fbfe21aed83471d28b6f65a233c6e00,alchemy_prices,2026-05-17T09:08:01.532616+00:00
2025-04-23,2025-04-23 00:00:00+00:00,0.0302772839,TIBBIR,0xa4a2e2ca3fbfe21aed83471d28b6f65a233c6e00,alchemy_prices,2026-05-17T09:08:01.532616+00:00
2025-04-24,2025-04-24 00:00:00+00:00,0.0238994527,TIBBIR,0xa4a2e2ca3fbfe21aed83471d28b6f65a233c6e00,alchemy_prices,2026-05-17T09:08:01.532616+00:00
2025-04-25,2025-04-25 00:00:00+00:00,0.0267060561,TIBBIR,0xa4a2e2ca3fbfe21aed83471d28b6f65a233c6e00,alchemy_prices,2026-05-17T09:08:01.532616+00:00
2025-04-26,2025-04-26 00:00:00+00:00,0.0287577861,TIBBIR,0xa4a2e2ca3fbfe21aed83471d28b6f65a233c6e00,alchemy_prices,2026-05-17T09:08:01.532616+00:00
2025-04-27,2025-04-27 00:00:00+00:00,0.0259645839,TIBBIR,0xa4a2e2ca3fbfe21aed83471d28b6f65a233c6e00,alchemy_prices,2026-05-17T09:08:01.532616+00:00
2025-04-28,2025-04-28 00:00:00+00:00,0.0228272662,TIBBIR,0xa4a2e2ca3fbfe21aed83471d28b6f65a233c6e00,alchemy_prices,2026-05-17T09:08:01.532616+00:00
2025-04-29,2025-04-29 00:00:00+00:00,0.0274234884,TIBBIR,0xa4a2e2ca3fbfe21aed83471d28b6f65a233c6e00,alchemy_prices,2026-05-17T09:08:01.532616+00:00
2025-04-30,2025-04-30 00:00:00+00:00,0.0360913857,TIBBIR,0xa4a2e2ca3fbfe21aed83471d28b6f65a233c6e00,alchemy_prices,2026-05-17T09:08:01.532616+00:00
2025-05-01,2025-05-01 00:00:00+00:00,0.0374657359,TIBBIR,0xa4a2e2ca3fbfe21aed83471d28b6f65a233c6e00,alchemy_prices,2026-05-17T09:08:01.532616+00:00
2025-05-02,2025-05-02 00:00:00+00:00,0.0339383234,TIBBIR,0xa4a2e2ca3fbfe21aed83471d28b6f65a233c6e00,alchemy_prices,2026-05-17T09:08:01.532616+00:00
2025-05-03,2025-05-03 00:00:00+00:00,0.0352242796,TIBBIR,0xa4a2e2ca3fbfe21aed83471d28b6f65a233c6e00,alchemy_prices,2026-05-17T09:08:01.532616+00:00
2025-05-04,2025-05-04 00:00:00+00:00,0.0336996736,TIBBIR,0xa4a2e2ca3fbfe21aed83471d28b6f65a233c6e00,alchemy_prices,2026-05-17T09:08:01.532616+00:00
2025-05-05,2025-05-05 00:00:00+00:00,0.035529581,TIBBIR,0xa4a2e2ca3fbfe21aed83471d28b6f65a233c6e00,alchemy_prices,2026-05-17T09:08:01.532616+00:00
2025-05-06,2025-05-06 00:00:00+00:00,0.0437560891,TIBBIR,0xa4a2e2ca3fbfe21aed83471d28b6f65a233c6e00,alchemy_prices,2026-05-17T09:08:01.532616+00:00
2025-05-07,2025-05-07 00:00:00+00:00,0.0417160555,TIBBIR,0xa4a2e2ca3fbfe21aed83471d28b6f65a233c6e00,alchemy_prices,2026-05-17T09:08:01.532616+00:00
2025-05-08,2025-05-08 00:00:00+00:00,0.0418000855,TIBBIR,0xa4a2e2ca3fbfe21aed83471d28b6f65a233c6e00,alchemy_prices,2026-05-17T09:08:01.532616+00:00
2025-05-09,2025-05-09 00:00:00+00:00,0.0482587676,TIBBIR,0xa4a2e2ca3fbfe21aed83471d28b6f65a233c6e00,alchemy_prices,2026-05-17T09:08:01.532616+00:00
2025-05-10,2025-05-10 00:00:00+00:00,0.0520652016,TIBBIR,0xa4a2e2ca3fbfe21aed83471d28b6f65a233c6e00,alchemy_prices,2026-05-17T09:08:01.532616+00:00
2025-05-11,2025-05-11 00:00:00+00:00,0.0532253707,TIBBIR,0xa4a2e2ca3fbfe21aed83471d28b6f65a233c6e00,alchemy_prices,2026-05-17T09:08:01.532616+00:00
2025-05-12,2025-05-12 00:00:00+00:00,0.0516105981,TIBBIR,0xa4a2e2ca3fbfe21aed83471d28b6f65a233c6e00,alchemy_prices,2026-05-17T09:08:01.532616+00:00
2025-05-13,2025-05-13 00:00:00+00:00,0.047642829,TIBBIR,0xa4a2e2ca3fbfe21aed83471d28b6f65a233c6e00,alchemy_prices,2026-05-17T09:08:01.532616+00:00
2025-05-14,2025-05-14 00:00:00+00:00,0.0596104658,TIBBIR,0xa4a2e2ca3fbfe21aed83471d28b6f65a233c6e00,alchemy_prices,2026-05-17T09:08:01.532616+00:00
2025-05-15,2025-05-15 00:00:00+00:00,0.0604764293,TIBBIR,0xa4a2e2ca3fbfe21aed83471d28b6f65a233c6e00,alchemy_prices,2026-05-17T09:08:01.532616+00:00
2025-05-16,2025-05-16 00:00:00+00:00,0.066526563,TIBBIR,0xa4a2e2ca3fbfe21aed83471d28b6f65a233c6e00,alchemy_prices,2026-05-17T09:08:01.532616+00:00
2025-05-17,2025-05-17 00:00:00+00:00,0.0650491842,TIBBIR,0xa4a2e2ca3fbfe21aed83471d28b6f65a233c6e00,alchemy_prices,2026-05-17T09:08:01.532616+00:00
2025-05-18,2025-05-18 00:00:00+00:00,0.0623173995,TIBBIR,0xa4a2e2ca3fbfe21aed83471d28b6f65a233c6e00,alchemy_prices,2026-05-17T09:08:01.532616+00:00
2025-05-19,2025-05-19 00:00:00+00:00,0.0661928151,TIBBIR,0xa4a2e2ca3fbfe21aed83471d28b6f65a233c6e00,alchemy_prices,2026-05-17T09:08:01.532616+00:00
2025-05-20,2025-05-20 00:00:00+00:00,0.0593004224,TIBBIR,0xa4a2e2ca3fbfe21aed83471d28b6f65a233c6e00,alchemy_prices,2026-05-17T09:08:01.532616+00:00
2025-05-21,2025-05-21 00:00:00+00:00,0.0586913711,TIBBIR,0xa4a2e2ca3fbfe21aed83471d28b6f65a233c6e00,alchemy_prices,2026-05-17T09:08:01.532616+00:00
2025-05-22,2025-05-22 00:00:00+00:00,0.0656366959,TIBBIR,0xa4a2e2ca3fbfe21aed83471d28b6f65a233c6e00,alchemy_prices,2026-05-17T09:08:01.532616+00:00
2025-05-23,2025-05-23 00:00:00+00:00,0.084373244,TIBBIR,0xa4a2e2ca3fbfe21aed83471d28b6f65a233c6e00,alchemy_prices,2026-05-17T09:08:01.532616+00:00
2025-05-24,2025-05-24 00:00:00+00:00,0.0744797934,TIBBIR,0xa4a2e2ca3fbfe21aed83471d28b6f65a233c6e00,alchemy_prices,2026-05-17T09:08:01.532616+00:00
2025-05-25,2025-05-25 00:00:00+00:00,0.0754763906,TIBBIR,0xa4a2e2ca3fbfe21aed83471d28b6f65a233c6e00,alchemy_prices,2026-05-17T09:08:01.532616+00:00
2025-05-26,2025-05-26 00:00:00+00:00,0.0816262898,TIBBIR,0xa4a2e2ca3fbfe21aed83471d28b6f65a233c6e00,alchemy_prices,2026-05-17T09:08:01.532616+00:00
2025-05-27,2025-05-27 00:00:00+00:00,0.0917518672,TIBBIR,0xa4a2e2ca3fbfe21aed83471d28b6f65a233c6e00,alchemy_prices,2026-05-17T09:08:01.532616+00:00
2025-05-28,2025-05-28 00:00:00+00:00,0.0969954031,TIBBIR,0xa4a2e2ca3fbfe21aed83471d28b6f65a233c6e00,alchemy_prices,2026-05-17T09:08:01.532616+00:00
2025-05-29,2025-05-29 00:00:00+00:00,0.0901295159,TIBBIR,0xa4a2e2ca3fbfe21aed83471d28b6f65a233c6e00,alchemy_prices,2026-05-17T09:08:01.532616+00:00
2025-05-30,2025-05-30 00:00:00+00:00,0.0839111665,TIBBIR,0xa4a2e2ca3fbfe21aed83471d28b6f65a233c6e00,alchemy_prices,2026-05-17T09:08:01.532616+00:00
2025-05-31,2025-05-31 00:00:00+00:00,0.0803952743,TIBBIR,0xa4a2e2ca3fbfe21aed83471d28b6f65a233c6e00,alchemy_prices,2026-05-17T09:08:01.532616+00:00
2025-06-01,2025-06-01 00:00:00+00:00,0.094977759,TIBBIR,0xa4a2e2ca3fbfe21aed83471d28b6f65a233c6e00,alchemy_prices,2026-05-17T09:08:01.532616+00:00
2025-06-02,2025-06-02 00:00:00+00:00,0.094258015,TIBBIR,0xa4a2e2ca3fbfe21aed83471d28b6f65a233c6e00,alchemy_prices,2026-05-17T09:08:01.532616+00:00
2025-06-03,2025-06-03 00:00:00+00:00,0.0836131657,TIBBIR,0xa4a2e2ca3fbfe21aed83471d28b6f65a233c6e00,alchemy_prices,2026-05-17T09:08:01.532616+00:00
2025-06-04,2025-06-04 00:00:00+00:00,0.0970343794,TIBBIR,0xa4a2e2ca3fbfe21aed83471d28b6f65a233c6e00,alchemy_prices,2026-05-17T09:08:01.532616+00:00
2025-06-05,2025-06-05 00:00:00+00:00,0.0903258805,TIBBIR,0xa4a2e2ca3fbfe21aed83471d28b6f65a233c6e00,alchemy_prices,2026-05-17T09:08:01.532616+00:00
2025-06-06,2025-06-06 00:00:00+00:00,0.0827810585,TIBBIR,0xa4a2e2ca3fbfe21aed83471d28b6f65a233c6e00,alchemy_prices,2026-05-17T09:08:01.532616+00:00
2025-06-07,2025-06-07 00:00:00+00:00,0.0962828584,TIBBIR,0xa4a2e2ca3fbfe21aed83471d28b6f65a233c6e00,alchemy_prices,2026-05-17T09:08:01.532616+00:00
2025-06-08,2025-06-08 00:00:00+00:00,0.0946207724,TIBBIR,0xa4a2e2ca3fbfe21aed83471d28b6f65a233c6e00,alchemy_prices,2026-05-17T09:08:01.532616+00:00
2025-06-09,2025-06-09 00:00:00+00:00,0.0964125446,TIBBIR,0xa4a2e2ca3fbfe21aed83471d28b6f65a233c6e00,alchemy_prices,2026-05-17T09:08:01.532616+00:00
2025-06-10,2025-06-10 00:00:00+00:00,0.0915553182,TIBBIR,0xa4a2e2ca3fbfe21aed83471d28b6f65a233c6e00,alchemy_prices,2026-05-17T09:08:01.532616+00:00
2025-06-11,2025-06-11 00:00:00+00:00,0.0954032554,TIBBIR,0xa4a2e2ca3fbfe21aed83471d28b6f65a233c6e00,alchemy_prices,2026-05-17T09:08:01.532616+00:00
2025-06-12,2025-06-12 00:00:00+00:00,0.1083450773,TIBBIR,0xa4a2e2ca3fbfe21aed83471d28b6f65a233c6e00,alchemy_prices,2026-05-17T09:08:01.532616+00:00
2025-06-13,2025-06-13 00:00:00+00:00,0.1113114727,TIBBIR,0xa4a2e2ca3fbfe21aed83471d28b6f65a233c6e00,alchemy_prices,2026-05-17T09:08:01.532616+00:00
2025-06-14,2025-06-14 00:00:00+00:00,0.1039942232,TIBBIR,0xa4a2e2ca3fbfe21aed83471d28b6f65a233c6e00,alchemy_prices,2026-05-17T09:08:01.532616+00:00
2025-06-15,2025-06-15 00:00:00+00:00,0.1097242483,TIBBIR,0xa4a2e2ca3fbfe21aed83471d28b6f65a233c6e00,alchemy_prices,2026-05-17T09:08:01.532616+00:00
2025-06-16,2025-06-16 00:00:00+00:00,0.1145459431,TIBBIR,0xa4a2e2ca3fbfe21aed83471d28b6f65a233c6e00,alchemy_prices,2026-05-17T09:08:01.532616+00:00
2025-06-17,2025-06-17 00:00:00+00:00,0.1325391608,TIBBIR,0xa4a2e2ca3fbfe21aed83471d28b6f65a233c6e00,alchemy_prices,2026-05-17T09:08:01.532616+00:00
2025-06-18,2025-06-18 00:00:00+00:00,0.123657049,TIBBIR,0xa4a2e2ca3fbfe21aed83471d28b6f65a233c6e00,alchemy_prices,2026-05-17T09:08:01.532616+00:00
2025-06-19,2025-06-19 00:00:00+00:00,0.1343552731,TIBBIR,0xa4a2e2ca3fbfe21aed83471d28b6f65a233c6e00,alchemy_prices,2026-05-17T09:08:01.532616+00:00
2025-06-20,2025-06-20 00:00:00+00:00,0.1261955264,TIBBIR,0xa4a2e2ca3fbfe21aed83471d28b6f65a233c6e00,alchemy_prices,2026-05-17T09:08:01.532616+00:00
2025-06-21,2025-06-21 00:00:00+00:00,0.1142040047,TIBBIR,0xa4a2e2ca3fbfe21aed83471d28b6f65a233c6e00,alchemy_prices,2026-05-17T09:08:01.532616+00:00
2025-06-22,2025-06-22 00:00:00+00:00,0.0811420915,TIBBIR,0xa4a2e2ca3fbfe21aed83471d28b6f65a233c6e00,alchemy_prices,2026-05-17T09:08:01.532616+00:00
2025-06-23,2025-06-23 00:00:00+00:00,0.0798555854,TIBBIR,0xa4a2e2ca3fbfe21aed83471d28b6f65a233c6e00,alchemy_prices,2026-05-17T09:08:01.532616+00:00
2025-06-24,2025-06-24 00:00:00+00:00,0.1156433507,TIBBIR,0xa4a2e2ca3fbfe21aed83471d28b6f65a233c6e00,alchemy_prices,2026-05-17T09:08:01.532616+00:00
2025-06-25,2025-06-25 00:00:00+00:00,0.1066139883,TIBBIR,0xa4a2e2ca3fbfe21aed83471d28b6f65a233c6e00,alchemy_prices,2026-05-17T09:08:01.532616+00:00
2025-06-26,2025-06-26 00:00:00+00:00,0.0984932868,TIBBIR,0xa4a2e2ca3fbfe21aed83471d28b6f65a233c6e00,alchemy_prices,2026-05-17T09:08:01.532616+00:00
2025-06-27,2025-06-27 00:00:00+00:00,0.0830985995,TIBBIR,0xa4a2e2ca3fbfe21aed83471d28b6f65a233c6e00,alchemy_prices,2026-05-17T09:08:01.532616+00:00
2025-06-28,2025-06-28 00:00:00+00:00,0.0859396975,TIBBIR,0xa4a2e2ca3fbfe21aed83471d28b6f65a233c6e00,alchemy_prices,2026-05-17T09:08:01.532616+00:00
2025-06-29,2025-06-29 00:00:00+00:00,0.1076915475,TIBBIR,0xa4a2e2ca3fbfe21aed83471d28b6f65a233c6e00,alchemy_prices,2026-05-17T09:08:01.532616+00:00
2025-06-30,2025-06-30 00:00:00+00:00,0.1150544688,TIBBIR,0xa4a2e2ca3fbfe21aed83471d28b6f65a233c6e00,alchemy_prices,2026-05-17T09:08:01.532616+00:00
2025-07-01,2025-07-01 00:00:00+00:00,0.1066123206,TIBBIR,0xa4a2e2ca3fbfe21aed83471d28b6f65a233c6e00,alchemy_prices,2026-05-17T09:08:01.532616+00:00
2025-07-02,2025-07-02 00:00:00+00:00,0.0930404662,TIBBIR,0xa4a2e2ca3fbfe21aed83471d28b6f65a233c6e00,alchemy_prices,2026-05-17T09:08:01.532616+00:00
2025-07-03,2025-07-03 00:00:00+00:00,0.0880712336,TIBBIR,0xa4a2e2ca3fbfe21aed83471d28b6f65a233c6e00,alchemy_prices,2026-05-17T09:08:01.532616+00:00
2025-07-04,2025-07-04 00:00:00+00:00,0.088746909,TIBBIR,0xa4a2e2ca3fbfe21aed83471d28b6f65a233c6e00,alchemy_prices,2026-05-17T09:08:01.532616+00:00
2025-07-05,2025-07-05 00:00:00+00:00,0.078321341,TIBBIR,0xa4a2e2ca3fbfe21aed83471d28b6f65a233c6e00,alchemy_prices,2026-05-17T09:08:01.532616+00:00
2025-07-06,2025-07-06 00:00:00+00:00,0.0735270551,TIBBIR,0xa4a2e2ca3fbfe21aed83471d28b6f65a233c6e00,alchemy_prices,2026-05-17T09:08:01.532616+00:00
2025-07-07,2025-07-07 00:00:00+00:00,0.0831217028,TIBBIR,0xa4a2e2ca3fbfe21aed83471d28b6f65a233c6e00,alchemy_prices,2026-05-17T09:08:01.532616+00:00
2025-07-08,2025-07-08 00:00:00+00:00,0.084540595,TIBBIR,0xa4a2e2ca3fbfe21aed83471d28b6f65a233c6e00,alchemy_prices,2026-05-17T09:08:01.532616+00:00
2025-07-09,2025-07-09 00:00:00+00:00,0.0781126646,TIBBIR,0xa4a2e2ca3fbfe21aed83471d28b6f65a233c6e00,alchemy_prices,2026-05-17T09:08:01.532616+00:00
2025-07-10,2025-07-10 00:00:00+00:00,0.0864201261,TIBBIR,0xa4a2e2ca3fbfe21aed83471d28b6f65a233c6e00,alchemy_prices,2026-05-17T09:08:01.532616+00:00
2025-07-11,2025-07-11 00:00:00+00:00,0.0914741987,TIBBIR,0xa4a2e2ca3fbfe21aed83471d28b6f65a233c6e00,alchemy_prices,2026-05-17T09:08:01.532616+00:00
2025-07-12,2025-07-12 00:00:00+00:00,0.0804825342,TIBBIR,0xa4a2e2ca3fbfe21aed83471d28b6f65a233c6e00,alchemy_prices,2026-05-17T09:08:01.532616+00:00
2025-07-13,2025-07-13 00:00:00+00:00,0.0727856156,TIBBIR,0xa4a2e2ca3fbfe21aed83471d28b6f65a233c6e00,alchemy_prices,2026-05-17T09:08:01.532616+00:00
2025-07-14,2025-07-14 00:00:00+00:00,0.0742843063,TIBBIR,0xa4a2e2ca3fbfe21aed83471d28b6f65a233c6e00,alchemy_prices,2026-05-17T09:08:01.532616+00:00
2025-07-15,2025-07-15 00:00:00+00:00,0.0690738192,TIBBIR,0xa4a2e2ca3fbfe21aed83471d28b6f65a233c6e00,alchemy_prices,2026-05-17T09:08:01.532616+00:00
2025-07-16,2025-07-16 00:00:00+00:00,0.0761357688,TIBBIR,0xa4a2e2ca3fbfe21aed83471d28b6f65a233c6e00,alchemy_prices,2026-05-17T09:08:01.532616+00:00
2025-07-17,2025-07-17 00:00:00+00:00,0.0878513062,TIBBIR,0xa4a2e2ca3fbfe21aed83471d28b6f65a233c6e00,alchemy_prices,2026-05-17T09:08:01.532616+00:00
2025-07-18,2025-07-18 00:00:00+00:00,0.0861404177,TIBBIR,0xa4a2e2ca3fbfe21aed83471d28b6f65a233c6e00,alchemy_prices,2026-05-17T09:08:01.532616+00:00
2025-07-19,2025-07-19 00:00:00+00:00,0.0773848082,TIBBIR,0xa4a2e2ca3fbfe21aed83471d28b6f65a233c6e00,alchemy_prices,2026-05-17T09:08:01.532616+00:00
2025-07-20,2025-07-20 00:00:00+00:00,0.0811137438,TIBBIR,0xa4a2e2ca3fbfe21aed83471d28b6f65a233c6e00,alchemy_prices,2026-05-17T09:08:01.532616+00:00
2025-07-21,2025-07-21 00:00:00+00:00,0.0885809543,TIBBIR,0xa4a2e2ca3fbfe21aed83471d28b6f65a233c6e00,alchemy_prices,2026-05-17T09:08:01.532616+00:00
2025-07-22,2025-07-22 00:00:00+00:00,0.0939570736,TIBBIR,0xa4a2e2ca3fbfe21aed83471d28b6f65a233c6e00,alchemy_prices,2026-05-17T09:08:01.532616+00:00
2025-07-23,2025-07-23 00:00:00+00:00,0.0928124764,TIBBIR,0xa4a2e2ca3fbfe21aed83471d28b6f65a233c6e00,alchemy_prices,2026-05-17T09:08:01.532616+00:00
2025-07-24,2025-07-24 00:00:00+00:00,0.079170033,TIBBIR,0xa4a2e2ca3fbfe21aed83471d28b6f65a233c6e00,alchemy_prices,2026-05-17T09:08:01.532616+00:00
2025-07-25,2025-07-25 00:00:00+00:00,0.0820087155,TIBBIR,0xa4a2e2ca3fbfe21aed83471d28b6f65a233c6e00,alchemy_prices,2026-05-17T09:08:01.532616+00:00
2025-07-26,2025-07-26 00:00:00+00:00,0.0825625974,TIBBIR,0xa4a2e2ca3fbfe21aed83471d28b6f65a233c6e00,alchemy_prices,2026-05-17T09:08:01.532616+00:00
2025-07-27,2025-07-27 00:00:00+00:00,0.0834378072,TIBBIR,0xa4a2e2ca3fbfe21aed83471d28b6f65a233c6e00,alchemy_prices,2026-05-17T09:08:01.532616+00:00
2025-07-28,2025-07-28 00:00:00+00:00,0.085686031,TIBBIR,0xa4a2e2ca3fbfe21aed83471d28b6f65a233c6e00,alchemy_prices,2026-05-17T09:08:01.532616+00:00
2025-07-29,2025-07-29 00:00:00+00:00,0.0936254529,TIBBIR,0xa4a2e2ca3fbfe21aed83471d28b6f65a233c6e00,alchemy_prices,2026-05-17T09:08:01.532616+00:00
2025-07-30,2025-07-30 00:00:00+00:00,0.1171063376,TIBBIR,0xa4a2e2ca3fbfe21aed83471d28b6f65a233c6e00,alchemy_prices,2026-05-17T09:08:01.532616+00:00
2025-07-31,2025-07-31 00:00:00+00:00,0.1057705048,TIBBIR,0xa4a2e2ca3fbfe21aed83471d28b6f65a233c6e00,alchemy_prices,2026-05-17T09:08:01.532616+00:00
2025-08-01,2025-08-01 00:00:00+00:00,0.1027533429,TIBBIR,0xa4a2e2ca3fbfe21aed83471d28b6f65a233c6e00,alchemy_prices,2026-05-17T09:08:01.532616+00:00
2025-08-02,2025-08-02 00:00:00+00:00,0.099922371,TIBBIR,0xa4a2e2ca3fbfe21aed83471d28b6f65a233c6e00,alchemy_prices,2026-05-17T09:08:01.532616+00:00
2025-08-03,2025-08-03 00:00:00+00:00,0.1078914366,TIBBIR,0xa4a2e2ca3fbfe21aed83471d28b6f65a233c6e00,alchemy_prices,2026-05-17T09:08:01.532616+00:00
2025-08-04,2025-08-04 00:00:00+00:00,0.141391542,TIBBIR,0xa4a2e2ca3fbfe21aed83471d28b6f65a233c6e00,alchemy_prices,2026-05-17T09:08:01.532616+00:00
2025-08-05,2025-08-05 00:00:00+00:00,0.1591133923,TIBBIR,0xa4a2e2ca3fbfe21aed83471d28b6f65a233c6e00,alchemy_prices,2026-05-17T09:08:01.532616+00:00
2025-08-06,2025-08-06 00:00:00+00:00,0.1631698656,TIBBIR,0xa4a2e2ca3fbfe21aed83471d28b6f65a233c6e00,alchemy_prices,2026-05-17T09:08:01.532616+00:00
2025-08-07,2025-08-07 00:00:00+00:00,0.1829539742,TIBBIR,0xa4a2e2ca3fbfe21aed83471d28b6f65a233c6e00,alchemy_prices,2026-05-17T09:08:01.532616+00:00
2025-08-08,2025-08-08 00:00:00+00:00,0.197054996,TIBBIR,0xa4a2e2ca3fbfe21aed83471d28b6f65a233c6e00,alchemy_prices,2026-05-17T09:08:01.532616+00:00
2025-08-09,2025-08-09 00:00:00+00:00,0.1998099821,TIBBIR,0xa4a2e2ca3fbfe21aed83471d28b6f65a233c6e00,alchemy_prices,2026-05-17T09:08:01.532616+00:00
2025-08-10,2025-08-10 00:00:00+00:00,0.1887380325,TIBBIR,0xa4a2e2ca3fbfe21aed83471d28b6f65a233c6e00,alchemy_prices,2026-05-17T09:08:01.532616+00:00
2025-08-11,2025-08-11 00:00:00+00:00,0.2182656235,TIBBIR,0xa4a2e2ca3fbfe21aed83471d28b6f65a233c6e00,alchemy_prices,2026-05-17T09:08:01.532616+00:00
2025-08-12,2025-08-12 00:00:00+00:00,0.1927874943,TIBBIR,0xa4a2e2ca3fbfe21aed83471d28b6f65a233c6e00,alchemy_prices,2026-05-17T09:08:01.532616+00:00
2025-08-13,2025-08-13 00:00:00+00:00,0.2005664835,TIBBIR,0xa4a2e2ca3fbfe21aed83471d28b6f65a233c6e00,alchemy_prices,2026-05-17T09:08:01.532616+00:00
2025-08-14,2025-08-14 00:00:00+00:00,0.2532759194,TIBBIR,0xa4a2e2ca3fbfe21aed83471d28b6f65a233c6e00,alchemy_prices,2026-05-17T09:08:01.532616+00:00
2025-08-15,2025-08-15 00:00:00+00:00,0.2134575348,TIBBIR,0xa4a2e2ca3fbfe21aed83471d28b6f65a233c6e00,alchemy_prices,2026-05-17T09:08:01.532616+00:00
2025-08-16,2025-08-16 00:00:00+00:00,0.1832015788,TIBBIR,0xa4a2e2ca3fbfe21aed83471d28b6f65a233c6e00,alchemy_prices,2026-05-17T09:08:01.532616+00:00
2025-08-17,2025-08-17 00:00:00+00:00,0.1949266169,TIBBIR,0xa4a2e2ca3fbfe21aed83471d28b6f65a233c6e00,alchemy_prices,2026-05-17T09:08:01.532616+00:00
2025-08-18,2025-08-18 00:00:00+00:00,0.2026204056,TIBBIR,0xa4a2e2ca3fbfe21aed83471d28b6f65a233c6e00,alchemy_prices,2026-05-17T09:08:01.532616+00:00
2025-08-19,2025-08-19 00:00:00+00:00,0.1862523184,TIBBIR,0xa4a2e2ca3fbfe21aed83471d28b6f65a233c6e00,alchemy_prices,2026-05-17T09:08:01.532616+00:00
2025-08-20,2025-08-20 00:00:00+00:00,0.1713578276,TIBBIR,0xa4a2e2ca3fbfe21aed83471d28b6f65a233c6e00,alchemy_prices,2026-05-17T09:08:01.532616+00:00
2025-08-21,2025-08-21 00:00:00+00:00,0.1819764869,TIBBIR,0xa4a2e2ca3fbfe21aed83471d28b6f65a233c6e00,alchemy_prices,2026-05-17T09:08:01.532616+00:00
2025-08-22,2025-08-22 00:00:00+00:00,0.1742251526,TIBBIR,0xa4a2e2ca3fbfe21aed83471d28b6f65a233c6e00,alchemy_prices,2026-05-17T09:08:01.532616+00:00
2025-08-23,2025-08-23 00:00:00+00:00,0.2022515093,TIBBIR,0xa4a2e2ca3fbfe21aed83471d28b6f65a233c6e00,alchemy_prices,2026-05-17T09:08:01.532616+00:00
2025-08-24,2025-08-24 00:00:00+00:00,0.1924738345,TIBBIR,0xa4a2e2ca3fbfe21aed83471d28b6f65a233c6e00,alchemy_prices,2026-05-17T09:08:01.532616+00:00
2025-08-25,2025-08-25 00:00:00+00:00,0.1820463001,TIBBIR,0xa4a2e2ca3fbfe21aed83471d28b6f65a233c6e00,alchemy_prices,2026-05-17T09:08:01.532616+00:00
2025-08-26,2025-08-26 00:00:00+00:00,0.1515227909,TIBBIR,0xa4a2e2ca3fbfe21aed83471d28b6f65a233c6e00,alchemy_prices,2026-05-17T09:08:01.532616+00:00
2025-08-27,2025-08-27 00:00:00+00:00,0.1723537178,TIBBIR,0xa4a2e2ca3fbfe21aed83471d28b6f65a233c6e00,alchemy_prices,2026-05-17T09:08:01.532616+00:00
2025-08-28,2025-08-28 00:00:00+00:00,0.1547122135,TIBBIR,0xa4a2e2ca3fbfe21aed83471d28b6f65a233c6e00,alchemy_prices,2026-05-17T09:08:01.532616+00:00
2025-08-29,2025-08-29 00:00:00+00:00,0.1507915244,TIBBIR,0xa4a2e2ca3fbfe21aed83471d28b6f65a233c6e00,alchemy_prices,2026-05-17T09:08:01.532616+00:00
2025-08-30,2025-08-30 00:00:00+00:00,0.1487725767,TIBBIR,0xa4a2e2ca3fbfe21aed83471d28b6f65a233c6e00,alchemy_prices,2026-05-17T09:08:01.532616+00:00
2025-08-31,2025-08-31 00:00:00+00:00,0.1516150249,TIBBIR,0xa4a2e2ca3fbfe21aed83471d28b6f65a233c6e00,alchemy_prices,2026-05-17T09:08:01.532616+00:00
2025-09-01,2025-09-01 00:00:00+00:00,0.1558277476,TIBBIR,0xa4a2e2ca3fbfe21aed83471d28b6f65a233c6e00,alchemy_prices,2026-05-17T09:08:01.532616+00:00
2025-09-02,2025-09-02 00:00:00+00:00,0.152298204,TIBBIR,0xa4a2e2ca3fbfe21aed83471d28b6f65a233c6e00,alchemy_prices,2026-05-17T09:08:01.532616+00:00
2025-09-03,2025-09-03 00:00:00+00:00,0.1816212432,TIBBIR,0xa4a2e2ca3fbfe21aed83471d28b6f65a233c6e00,alchemy_prices,2026-05-17T09:08:01.532616+00:00
2025-09-04,2025-09-04 00:00:00+00:00,0.187819027,TIBBIR,0xa4a2e2ca3fbfe21aed83471d28b6f65a233c6e00,alchemy_prices,2026-05-17T09:08:01.532616+00:00
2025-09-05,2025-09-05 00:00:00+00:00,0.1720105447,TIBBIR,0xa4a2e2ca3fbfe21aed83471d28b6f65a233c6e00,alchemy_prices,2026-05-17T09:08:01.532616+00:00
2025-09-06,2025-09-06 00:00:00+00:00,0.1741296852,TIBBIR,0xa4a2e2ca3fbfe21aed83471d28b6f65a233c6e00,alchemy_prices,2026-05-17T09:08:01.532616+00:00
2025-09-07,2025-09-07 00:00:00+00:00,0.1804592574,TIBBIR,0xa4a2e2ca3fbfe21aed83471d28b6f65a233c6e00,alchemy_prices,2026-05-17T09:08:01.532616+00:00
2025-09-08,2025-09-08 00:00:00+00:00,0.1787776124,TIBBIR,0xa4a2e2ca3fbfe21aed83471d28b6f65a233c6e00,alchemy_prices,2026-05-17T09:08:01.532616+00:00
2025-09-09,2025-09-09 00:00:00+00:00,0.1952200405,TIBBIR,0xa4a2e2ca3fbfe21aed83471d28b6f65a233c6e00,alchemy_prices,2026-05-17T09:08:01.532616+00:00
2025-09-10,2025-09-10 00:00:00+00:00,0.1833947205,TIBBIR,0xa4a2e2ca3fbfe21aed83471d28b6f65a233c6e00,alchemy_prices,2026-05-17T09:08:01.532616+00:00
2025-09-11,2025-09-11 00:00:00+00:00,0.206075232,TIBBIR,0xa4a2e2ca3fbfe21aed83471d28b6f65a233c6e00,alchemy_prices,2026-05-17T09:08:01.532616+00:00
2025-09-12,2025-09-12 00:00:00+00:00,0.2108666075,TIBBIR,0xa4a2e2ca3fbfe21aed83471d28b6f65a233c6e00,alchemy_prices,2026-05-17T09:08:01.532616+00:00
2025-09-13,2025-09-13 00:00:00+00:00,0.2045815213,TIBBIR,0xa4a2e2ca3fbfe21aed83471d28b6f65a233c6e00,alchemy_prices,2026-05-17T09:08:01.532616+00:00
2025-09-14,2025-09-14 00:00:00+00:00,0.1997282335,TIBBIR,0xa4a2e2ca3fbfe21aed83471d28b6f65a233c6e00,alchemy_prices,2026-05-17T09:08:01.532616+00:00
2025-09-15,2025-09-15 00:00:00+00:00,0.1913691119,TIBBIR,0xa4a2e2ca3fbfe21aed83471d28b6f65a233c6e00,alchemy_prices,2026-05-17T09:08:01.532616+00:00
2025-09-16,2025-09-16 00:00:00+00:00,0.1804258073,TIBBIR,0xa4a2e2ca3fbfe21aed83471d28b6f65a233c6e00,alchemy_prices,2026-05-17T09:08:01.532616+00:00
2025-09-17,2025-09-17 00:00:00+00:00,0.2161157281,TIBBIR,0xa4a2e2ca3fbfe21aed83471d28b6f65a233c6e00,alchemy_prices,2026-05-17T09:08:01.532616+00:00
2025-09-18,2025-09-18 00:00:00+00:00,0.2340322585,TIBBIR,0xa4a2e2ca3fbfe21aed83471d28b6f65a233c6e00,alchemy_prices,2026-05-17T09:08:01.532616+00:00
2025-09-19,2025-09-19 00:00:00+00:00,0.219116673,TIBBIR,0xa4a2e2ca3fbfe21aed83471d28b6f65a233c6e00,alchemy_prices,2026-05-17T09:08:01.532616+00:00
2025-09-20,2025-09-20 00:00:00+00:00,0.2077969042,TIBBIR,0xa4a2e2ca3fbfe21aed83471d28b6f65a233c6e00,alchemy_prices,2026-05-17T09:08:01.532616+00:00
2025-09-21,2025-09-21 00:00:00+00:00,0.1990850062,TIBBIR,0xa4a2e2ca3fbfe21aed83471d28b6f65a233c6e00,alchemy_prices,2026-05-17T09:08:01.532616+00:00
2025-09-22,2025-09-22 00:00:00+00:00,0.1922108883,TIBBIR,0xa4a2e2ca3fbfe21aed83471d28b6f65a233c6e00,alchemy_prices,2026-05-17T09:08:01.532616+00:00
2025-09-23,2025-09-23 00:00:00+00:00,0.2004692453,TIBBIR,0xa4a2e2ca3fbfe21aed83471d28b6f65a233c6e00,alchemy_prices,2026-05-17T09:08:01.532616+00:00
2025-09-24,2025-09-24 00:00:00+00:00,0.207612915,TIBBIR,0xa4a2e2ca3fbfe21aed83471d28b6f65a233c6e00,alchemy_prices,2026-05-17T09:08:01.532616+00:00
2025-09-25,2025-09-25 00:00:00+00:00,0.2651439717,TIBBIR,0xa4a2e2ca3fbfe21aed83471d28b6f65a233c6e00,alchemy_prices,2026-05-17T09:08:01.532616+00:00
2025-09-26,2025-09-26 00:00:00+00:00,0.2044323868,TIBBIR,0xa4a2e2ca3fbfe21aed83471d28b6f65a233c6e00,alchemy_prices,2026-05-17T09:08:01.532616+00:00
2025-09-27,2025-09-27 00:00:00+00:00,0.2302266718,TIBBIR,0xa4a2e2ca3fbfe21aed83471d28b6f65a233c6e00,alchemy_prices,2026-05-17T09:08:01.532616+00:00
2025-09-28,2025-09-28 00:00:00+00:00,0.2297887079,TIBBIR,0xa4a2e2ca3fbfe21aed83471d28b6f65a233c6e00,alchemy_prices,2026-05-17T09:08:01.532616+00:00
2025-09-29,2025-09-29 00:00:00+00:00,0.2726439699,TIBBIR,0xa4a2e2ca3fbfe21aed83471d28b6f65a233c6e00,alchemy_prices,2026-05-17T09:08:01.532616+00:00
2025-09-30,2025-09-30 00:00:00+00:00,0.2786049284,TIBBIR,0xa4a2e2ca3fbfe21aed83471d28b6f65a233c6e00,alchemy_prices,2026-05-17T09:08:01.532616+00:00
2025-10-01,2025-10-01 00:00:00+00:00,0.2671265571,TIBBIR,0xa4a2e2ca3fbfe21aed83471d28b6f65a233c6e00,alchemy_prices,2026-05-17T09:08:01.532616+00:00
2025-10-02,2025-10-02 00:00:00+00:00,0.3030371167,TIBBIR,0xa4a2e2ca3fbfe21aed83471d28b6f65a233c6e00,alchemy_prices,2026-05-17T09:08:01.532616+00:00
2025-10-03,2025-10-03 00:00:00+00:00,0.287283527,TIBBIR,0xa4a2e2ca3fbfe21aed83471d28b6f65a233c6e00,alchemy_prices,2026-05-17T09:08:01.532616+00:00
2025-10-04,2025-10-04 00:00:00+00:00,0.3010341284,TIBBIR,0xa4a2e2ca3fbfe21aed83471d28b6f65a233c6e00,alchemy_prices,2026-05-17T09:08:01.532616+00:00
2025-10-05,2025-10-05 00:00:00+00:00,0.2705118269,TIBBIR,0xa4a2e2ca3fbfe21aed83471d28b6f65a233c6e00,alchemy_prices,2026-05-17T09:08:01.532616+00:00
2025-10-06,2025-10-06 00:00:00+00:00,0.2615938269,TIBBIR,0xa4a2e2ca3fbfe21aed83471d28b6f65a233c6e00,alchemy_prices,2026-05-17T09:08:01.532616+00:00
2025-10-07,2025-10-07 00:00:00+00:00,0.3044237123,TIBBIR,0xa4a2e2ca3fbfe21aed83471d28b6f65a233c6e00,alchemy_prices,2026-05-17T09:08:01.532616+00:00
2025-10-08,2025-10-08 00:00:00+00:00,0.2780236726,TIBBIR,0xa4a2e2ca3fbfe21aed83471d28b6f65a233c6e00,alchemy_prices,2026-05-17T09:08:01.532616+00:00
2025-10-09,2025-10-09 00:00:00+00:00,0.279330186,TIBBIR,0xa4a2e2ca3fbfe21aed83471d28b6f65a233c6e00,alchemy_prices,2026-05-17T09:08:01.532616+00:00
2025-10-10,2025-10-10 00:00:00+00:00,0.2616625248,TIBBIR,0xa4a2e2ca3fbfe21aed83471d28b6f65a233c6e00,alchemy_prices,2026-05-17T09:08:01.532616+00:00
2025-10-11,2025-10-11 00:00:00+00:00,0.2301400717,TIBBIR,0xa4a2e2ca3fbfe21aed83471d28b6f65a233c6e00,alchemy_prices,2026-05-17T09:08:01.532616+00:00
2025-10-12,2025-10-12 00:00:00+00:00,0.20037893,TIBBIR,0xa4a2e2ca3fbfe21aed83471d28b6f65a233c6e00,alchemy_prices,2026-05-17T09:08:01.532616+00:00
2025-10-13,2025-10-13 00:00:00+00:00,0.2320919489,TIBBIR,0xa4a2e2ca3fbfe21aed83471d28b6f65a233c6e00,alchemy_prices,2026-05-17T09:08:01.532616+00:00
2025-10-14,2025-10-14 00:00:00+00:00,0.2101975188,TIBBIR,0xa4a2e2ca3fbfe21aed83471d28b6f65a233c6e00,alchemy_prices,2026-05-17T09:08:01.532616+00:00
2025-10-15,2025-10-15 00:00:00+00:00,0.1928383555,TIBBIR,0xa4a2e2ca3fbfe21aed83471d28b6f65a233c6e00,alchemy_prices,2026-05-17T09:08:01.532616+00:00
2025-10-16,2025-10-16 00:00:00+00:00,0.1727491681,TIBBIR,0xa4a2e2ca3fbfe21aed83471d28b6f65a233c6e00,alchemy_prices,2026-05-17T09:08:01.532616+00:00
2025-10-17,2025-10-17 00:00:00+00:00,0.2506869822,TIBBIR,0xa4a2e2ca3fbfe21aed83471d28b6f65a233c6e00,alchemy_prices,2026-05-17T09:08:01.532616+00:00
2025-10-18,2025-10-18 00:00:00+00:00,0.2306151379,TIBBIR,0xa4a2e2ca3fbfe21aed83471d28b6f65a233c6e00,alchemy_prices,2026-05-17T09:08:01.532616+00:00
2025-10-19,2025-10-19 00:00:00+00:00,0.2496405477,TIBBIR,0xa4a2e2ca3fbfe21aed83471d28b6f65a233c6e00,alchemy_prices,2026-05-17T09:08:01.532616+00:00
2025-10-20,2025-10-20 00:00:00+00:00,0.2971119364,TIBBIR,0xa4a2e2ca3fbfe21aed83471d28b6f65a233c6e00,alchemy_prices,2026-05-17T09:08:01.532616+00:00
2025-10-21,2025-10-21 00:00:00+00:00,0.3184305897,TIBBIR,0xa4a2e2ca3fbfe21aed83471d28b6f65a233c6e00,alchemy_prices,2026-05-17T09:08:01.532616+00:00
2025-10-22,2025-10-22 00:00:00+00:00,0.3276629336,TIBBIR,0xa4a2e2ca3fbfe21aed83471d28b6f65a233c6e00,alchemy_prices,2026-05-17T09:08:01.532616+00:00
2025-10-23,2025-10-23 00:00:00+00:00,0.2755873019,TIBBIR,0xa4a2e2ca3fbfe21aed83471d28b6f65a233c6e00,alchemy_prices,2026-05-17T09:08:01.532616+00:00
2025-10-24,2025-10-24 00:00:00+00:00,0.3532203126,TIBBIR,0xa4a2e2ca3fbfe21aed83471d28b6f65a233c6e00,alchemy_prices,2026-05-17T09:08:01.532616+00:00
2025-10-25,2025-10-25 00:00:00+00:00,0.3988559515,TIBBIR,0xa4a2e2ca3fbfe21aed83471d28b6f65a233c6e00,alchemy_prices,2026-05-17T09:08:01.532616+00:00
2025-10-26,2025-10-26 00:00:00+00:00,0.3701927629,TIBBIR,0xa4a2e2ca3fbfe21aed83471d28b6f65a233c6e00,alchemy_prices,2026-05-17T09:08:01.532616+00:00
2025-10-27,2025-10-27 00:00:00+00:00,0.3736108085,TIBBIR,0xa4a2e2ca3fbfe21aed83471d28b6f65a233c6e00,alchemy_prices,2026-05-17T09:08:01.532616+00:00
2025-10-28,2025-10-28 00:00:00+00:00,0.4271256264,TIBBIR,0xa4a2e2ca3fbfe21aed83471d28b6f65a233c6e00,alchemy_prices,2026-05-17T09:08:01.532616+00:00
2025-10-29,2025-10-29 00:00:00+00:00,0.3981155437,TIBBIR,0xa4a2e2ca3fbfe21aed83471d28b6f65a233c6e00,alchemy_prices,2026-05-17T09:08:01.532616+00:00
2025-10-30,2025-10-30 00:00:00+00:00,0.3780349517,TIBBIR,0xa4a2e2ca3fbfe21aed83471d28b6f65a233c6e00,alchemy_prices,2026-05-17T09:08:01.532616+00:00
2025-10-31,2025-10-31 00:00:00+00:00,0.3329297429,TIBBIR,0xa4a2e2ca3fbfe21aed83471d28b6f65a233c6e00,alchemy_prices,2026-05-17T09:08:01.532616+00:00
2025-11-01,2025-11-01 00:00:00+00:00,0.3172167583,TIBBIR,0xa4a2e2ca3fbfe21aed83471d28b6f65a233c6e00,alchemy_prices,2026-05-17T09:08:01.532616+00:00
2025-11-02,2025-11-02 00:00:00+00:00,0.3457708325,TIBBIR,0xa4a2e2ca3fbfe21aed83471d28b6f65a233c6e00,alchemy_prices,2026-05-17T09:08:01.532616+00:00
2025-11-03,2025-11-03 00:00:00+00:00,0.3218562133,TIBBIR,0xa4a2e2ca3fbfe21aed83471d28b6f65a233c6e00,alchemy_prices,2026-05-17T09:08:01.532616+00:00
2025-11-04,2025-11-04 00:00:00+00:00,0.3192083151,TIBBIR,0xa4a2e2ca3fbfe21aed83471d28b6f65a233c6e00,alchemy_prices,2026-05-17T09:08:01.532616+00:00
2025-11-05,2025-11-05 00:00:00+00:00,0.2838837357,TIBBIR,0xa4a2e2ca3fbfe21aed83471d28b6f65a233c6e00,alchemy_prices,2026-05-17T09:08:01.532616+00:00
2025-11-06,2025-11-06 00:00:00+00:00,0.3363520467,TIBBIR,0xa4a2e2ca3fbfe21aed83471d28b6f65a233c6e00,alchemy_prices,2026-05-17T09:08:01.532616+00:00
2025-11-07,2025-11-07 00:00:00+00:00,0.2857087769,TIBBIR,0xa4a2e2ca3fbfe21aed83471d28b6f65a233c6e00,alchemy_prices,2026-05-17T09:08:01.532616+00:00
2025-11-08,2025-11-08 00:00:00+00:00,0.3167046466,TIBBIR,0xa4a2e2ca3fbfe21aed83471d28b6f65a233c6e00,alchemy_prices,2026-05-17T09:08:01.532616+00:00
2025-11-09,2025-11-09 00:00:00+00:00,0.3016246637,TIBBIR,0xa4a2e2ca3fbfe21aed83471d28b6f65a233c6e00,alchemy_prices,2026-05-17T09:08:01.532616+00:00
2025-11-10,2025-11-10 00:00:00+00:00,0.367272697,TIBBIR,0xa4a2e2ca3fbfe21aed83471d28b6f65a233c6e00,alchemy_prices,2026-05-17T09:08:01.532616+00:00
2025-11-11,2025-11-11 00:00:00+00:00,0.3518294625,TIBBIR,0xa4a2e2ca3fbfe21aed83471d28b6f65a233c6e00,alchemy_prices,2026-05-17T09:08:01.532616+00:00
2025-11-12,2025-11-12 00:00:00+00:00,0.3816264948,TIBBIR,0xa4a2e2ca3fbfe21aed83471d28b6f65a233c6e00,alchemy_prices,2026-05-17T09:08:01.532616+00:00
2025-11-13,2025-11-13 00:00:00+00:00,0.3346482307,TIBBIR,0xa4a2e2ca3fbfe21aed83471d28b6f65a233c6e00,alchemy_prices,2026-05-17T09:08:01.532616+00:00
2025-11-14,2025-11-14 00:00:00+00:00,0.3314120379,TIBBIR,0xa4a2e2ca3fbfe21aed83471d28b6f65a233c6e00,alchemy_prices,2026-05-17T09:08:01.532616+00:00
2025-11-15,2025-11-15 00:00:00+00:00,0.2873279405,TIBBIR,0xa4a2e2ca3fbfe21aed83471d28b6f65a233c6e00,alchemy_prices,2026-05-17T09:08:01.532616+00:00
2025-11-16,2025-11-16 00:00:00+00:00,0.2963728874,TIBBIR,0xa4a2e2ca3fbfe21aed83471d28b6f65a233c6e00,alchemy_prices,2026-05-17T09:08:01.532616+00:00
2025-11-17,2025-11-17 00:00:00+00:00,0.266011856,TIBBIR,0xa4a2e2ca3fbfe21aed83471d28b6f65a233c6e00,alchemy_prices,2026-05-17T09:08:01.532616+00:00
2025-11-18,2025-11-18 00:00:00+00:00,0.2637282133,TIBBIR,0xa4a2e2ca3fbfe21aed83471d28b6f65a233c6e00,alchemy_prices,2026-05-17T09:08:01.532616+00:00
2025-11-19,2025-11-19 00:00:00+00:00,0.259641677,TIBBIR,0xa4a2e2ca3fbfe21aed83471d28b6f65a233c6e00,alchemy_prices,2026-05-17T09:08:01.532616+00:00
2025-11-20,2025-11-20 00:00:00+00:00,0.2434940133,TIBBIR,0xa4a2e2ca3fbfe21aed83471d28b6f65a233c6e00,alchemy_prices,2026-05-17T09:08:01.532616+00:00
2025-11-21,2025-11-21 00:00:00+00:00,0.206750745,TIBBIR,0xa4a2e2ca3fbfe21aed83471d28b6f65a233c6e00,alchemy_prices,2026-05-17T09:08:01.532616+00:00
2025-11-22,2025-11-22 00:00:00+00:00,0.1583228505,TIBBIR,0xa4a2e2ca3fbfe21aed83471d28b6f65a233c6e00,alchemy_prices,2026-05-17T09:08:01.532616+00:00
2025-11-23,2025-11-23 00:00:00+00:00,0.1953091745,TIBBIR,0xa4a2e2ca3fbfe21aed83471d28b6f65a233c6e00,alchemy_prices,2026-05-17T09:08:01.532616+00:00
2025-11-24,2025-11-24 00:00:00+00:00,0.1768827541,TIBBIR,0xa4a2e2ca3fbfe21aed83471d28b6f65a233c6e00,alchemy_prices,2026-05-17T09:08:01.532616+00:00
2025-11-25,2025-11-25 00:00:00+00:00,0.2009341579,TIBBIR,0xa4a2e2ca3fbfe21aed83471d28b6f65a233c6e00,alchemy_prices,2026-05-17T09:08:01.532616+00:00
2025-11-26,2025-11-26 00:00:00+00:00,0.1822217442,TIBBIR,0xa4a2e2ca3fbfe21aed83471d28b6f65a233c6e00,alchemy_prices,2026-05-17T09:08:01.532616+00:00
2025-11-27,2025-11-27 00:00:00+00:00,0.1958650955,TIBBIR,0xa4a2e2ca3fbfe21aed83471d28b6f65a233c6e00,alchemy_prices,2026-05-17T09:08:01.532616+00:00
2025-11-28,2025-11-28 00:00:00+00:00,0.2077120181,TIBBIR,0xa4a2e2ca3fbfe21aed83471d28b6f65a233c6e00,alchemy_prices,2026-05-17T09:08:01.532616+00:00
2025-11-29,2025-11-29 00:00:00+00:00,0.1832617045,TIBBIR,0xa4a2e2ca3fbfe21aed83471d28b6f65a233c6e00,alchemy_prices,2026-05-17T09:08:01.532616+00:00
2025-11-30,2025-11-30 00:00:00+00:00,0.1803077607,TIBBIR,0xa4a2e2ca3fbfe21aed83471d28b6f65a233c6e00,alchemy_prices,2026-05-17T09:08:01.532616+00:00
2025-12-01,2025-12-01 00:00:00+00:00,0.1816619484,TIBBIR,0xa4a2e2ca3fbfe21aed83471d28b6f65a233c6e00,alchemy_prices,2026-05-17T09:08:01.532616+00:00
2025-12-02,2025-12-02 00:00:00+00:00,0.1716888966,TIBBIR,0xa4a2e2ca3fbfe21aed83471d28b6f65a233c6e00,alchemy_prices,2026-05-17T09:08:01.532616+00:00
2025-12-03,2025-12-03 00:00:00+00:00,0.1981982219,TIBBIR,0xa4a2e2ca3fbfe21aed83471d28b6f65a233c6e00,alchemy_prices,2026-05-17T09:08:01.532616+00:00
2025-12-04,2025-12-04 00:00:00+00:00,0.1996732516,TIBBIR,0xa4a2e2ca3fbfe21aed83471d28b6f65a233c6e00,alchemy_prices,2026-05-17T09:08:01.532616+00:00
2025-12-05,2025-12-05 00:00:00+00:00,0.1910015836,TIBBIR,0xa4a2e2ca3fbfe21aed83471d28b6f65a233c6e00,alchemy_prices,2026-05-17T09:08:01.532616+00:00
2025-12-06,2025-12-06 00:00:00+00:00,0.173996749,TIBBIR,0xa4a2e2ca3fbfe21aed83471d28b6f65a233c6e00,alchemy_prices,2026-05-17T09:08:01.532616+00:00
2025-12-07,2025-12-07 00:00:00+00:00,0.1706402431,TIBBIR,0xa4a2e2ca3fbfe21aed83471d28b6f65a233c6e00,alchemy_prices,2026-05-17T09:08:01.532616+00:00
2025-12-08,2025-12-08 00:00:00+00:00,0.1743937683,TIBBIR,0xa4a2e2ca3fbfe21aed83471d28b6f65a233c6e00,alchemy_prices,2026-05-17T09:08:01.532616+00:00
2025-12-09,2025-12-09 00:00:00+00:00,0.1678708371,TIBBIR,0xa4a2e2ca3fbfe21aed83471d28b6f65a233c6e00,alchemy_prices,2026-05-17T09:08:01.532616+00:00
2025-12-10,2025-12-10 00:00:00+00:00,0.1817172176,TIBBIR,0xa4a2e2ca3fbfe21aed83471d28b6f65a233c6e00,alchemy_prices,2026-05-17T09:08:01.532616+00:00
2025-12-11,2025-12-11 00:00:00+00:00,0.1717954781,TIBBIR,0xa4a2e2ca3fbfe21aed83471d28b6f65a233c6e00,alchemy_prices,2026-05-17T09:08:01.532616+00:00
2025-12-12,2025-12-12 00:00:00+00:00,0.1750873629,TIBBIR,0xa4a2e2ca3fbfe21aed83471d28b6f65a233c6e00,alchemy_prices,2026-05-17T09:08:01.532616+00:00
2025-12-13,2025-12-13 00:00:00+00:00,0.1688602474,TIBBIR,0xa4a2e2ca3fbfe21aed83471d28b6f65a233c6e00,alchemy_prices,2026-05-17T09:08:01.532616+00:00
2025-12-14,2025-12-14 00:00:00+00:00,0.1596491989,TIBBIR,0xa4a2e2ca3fbfe21aed83471d28b6f65a233c6e00,alchemy_prices,2026-05-17T09:08:01.532616+00:00
2025-12-15,2025-12-15 00:00:00+00:00,0.1379941248,TIBBIR,0xa4a2e2ca3fbfe21aed83471d28b6f65a233c6e00,alchemy_prices,2026-05-17T09:08:01.532616+00:00
2025-12-16,2025-12-16 00:00:00+00:00,0.1485478996,TIBBIR,0xa4a2e2ca3fbfe21aed83471d28b6f65a233c6e00,alchemy_prices,2026-05-17T09:08:01.532616+00:00
2025-12-17,2025-12-17 00:00:00+00:00,0.1480321684,TIBBIR,0xa4a2e2ca3fbfe21aed83471d28b6f65a233c6e00,alchemy_prices,2026-05-17T09:08:01.532616+00:00
2025-12-18,2025-12-18 00:00:00+00:00,0.1571107172,TIBBIR,0xa4a2e2ca3fbfe21aed83471d28b6f65a233c6e00,alchemy_prices,2026-05-17T09:08:01.532616+00:00
2025-12-19,2025-12-19 00:00:00+00:00,0.1548179804,TIBBIR,0xa4a2e2ca3fbfe21aed83471d28b6f65a233c6e00,alchemy_prices,2026-05-17T09:08:01.532616+00:00
2025-12-20,2025-12-20 00:00:00+00:00,0.1745446064,TIBBIR,0xa4a2e2ca3fbfe21aed83471d28b6f65a233c6e00,alchemy_prices,2026-05-17T09:08:01.532616+00:00
2025-12-21,2025-12-21 00:00:00+00:00,0.1741886543,TIBBIR,0xa4a2e2ca3fbfe21aed83471d28b6f65a233c6e00,alchemy_prices,2026-05-17T09:08:01.532616+00:00
2025-12-22,2025-12-22 00:00:00+00:00,0.1644107413,TIBBIR,0xa4a2e2ca3fbfe21aed83471d28b6f65a233c6e00,alchemy_prices,2026-05-17T09:08:01.532616+00:00
2025-12-23,2025-12-23 00:00:00+00:00,0.1621519436,TIBBIR,0xa4a2e2ca3fbfe21aed83471d28b6f65a233c6e00,alchemy_prices,2026-05-17T09:08:01.532616+00:00
2025-12-24,2025-12-24 00:00:00+00:00,0.1507888653,TIBBIR,0xa4a2e2ca3fbfe21aed83471d28b6f65a233c6e00,alchemy_prices,2026-05-17T09:08:01.532616+00:00
2025-12-25,2025-12-25 00:00:00+00:00,0.1595118412,TIBBIR,0xa4a2e2ca3fbfe21aed83471d28b6f65a233c6e00,alchemy_prices,2026-05-17T09:08:01.532616+00:00
2025-12-26,2025-12-26 00:00:00+00:00,0.1608752002,TIBBIR,0xa4a2e2ca3fbfe21aed83471d28b6f65a233c6e00,alchemy_prices,2026-05-17T09:08:01.532616+00:00
2025-12-27,2025-12-27 00:00:00+00:00,0.1685191451,TIBBIR,0xa4a2e2ca3fbfe21aed83471d28b6f65a233c6e00,alchemy_prices,2026-05-17T09:08:01.532616+00:00
2025-12-28,2025-12-28 00:00:00+00:00,0.1712053577,TIBBIR,0xa4a2e2ca3fbfe21aed83471d28b6f65a233c6e00,alchemy_prices,2026-05-17T09:08:01.532616+00:00
2025-12-29,2025-12-29 00:00:00+00:00,0.1622654935,TIBBIR,0xa4a2e2ca3fbfe21aed83471d28b6f65a233c6e00,alchemy_prices,2026-05-17T09:08:01.532616+00:00
2025-12-30,2025-12-30 00:00:00+00:00,0.1735505371,TIBBIR,0xa4a2e2ca3fbfe21aed83471d28b6f65a233c6e00,alchemy_prices,2026-05-17T09:08:01.532616+00:00
2025-12-31,2025-12-31 00:00:00+00:00,0.1585652095,TIBBIR,0xa4a2e2ca3fbfe21aed83471d28b6f65a233c6e00,alchemy_prices,2026-05-17T09:08:01.532616+00:00
2026-01-01,2026-01-01 00:00:00+00:00,0.1521073719,TIBBIR,0xa4a2e2ca3fbfe21aed83471d28b6f65a233c6e00,alchemy_prices,2026-05-17T09:08:01.532616+00:00
2026-01-02,2026-01-02 00:00:00+00:00,0.1555292586,TIBBIR,0xa4a2e2ca3fbfe21aed83471d28b6f65a233c6e00,alchemy_prices,2026-05-17T09:08:01.532616+00:00
2026-01-03,2026-01-03 00:00:00+00:00,0.1709671419,TIBBIR,0xa4a2e2ca3fbfe21aed83471d28b6f65a233c6e00,alchemy_prices,2026-05-17T09:08:01.532616+00:00
2026-01-04,2026-01-04 00:00:00+00:00,0.1839950578,TIBBIR,0xa4a2e2ca3fbfe21aed83471d28b6f65a233c6e00,alchemy_prices,2026-05-17T09:08:01.532616+00:00
2026-01-05,2026-01-05 00:00:00+00:00,0.2078321007,TIBBIR,0xa4a2e2ca3fbfe21aed83471d28b6f65a233c6e00,alchemy_prices,2026-05-17T09:08:01.532616+00:00
2026-01-06,2026-01-06 00:00:00+00:00,0.2167647124,TIBBIR,0xa4a2e2ca3fbfe21aed83471d28b6f65a233c6e00,alchemy_prices,2026-05-17T09:08:01.532616+00:00
2026-01-07,2026-01-07 00:00:00+00:00,0.2079433249,TIBBIR,0xa4a2e2ca3fbfe21aed83471d28b6f65a233c6e00,alchemy_prices,2026-05-17T09:08:01.532616+00:00
2026-01-08,2026-01-08 00:00:00+00:00,0.1908097445,TIBBIR,0xa4a2e2ca3fbfe21aed83471d28b6f65a233c6e00,alchemy_prices,2026-05-17T09:08:01.532616+00:00
2026-01-09,2026-01-09 00:00:00+00:00,0.1877094766,TIBBIR,0xa4a2e2ca3fbfe21aed83471d28b6f65a233c6e00,alchemy_prices,2026-05-17T09:08:01.532616+00:00
2026-01-10,2026-01-10 00:00:00+00:00,0.1906775696,TIBBIR,0xa4a2e2ca3fbfe21aed83471d28b6f65a233c6e00,alchemy_prices,2026-05-17T09:08:01.532616+00:00
2026-01-11,2026-01-11 00:00:00+00:00,0.1914097055,TIBBIR,0xa4a2e2ca3fbfe21aed83471d28b6f65a233c6e00,alchemy_prices,2026-05-17T09:08:01.532616+00:00
2026-01-12,2026-01-12 00:00:00+00:00,0.1854927763,TIBBIR,0xa4a2e2ca3fbfe21aed83471d28b6f65a233c6e00,alchemy_prices,2026-05-17T09:08:01.532616+00:00
2026-01-13,2026-01-13 00:00:00+00:00,0.1737444965,TIBBIR,0xa4a2e2ca3fbfe21aed83471d28b6f65a233c6e00,alchemy_prices,2026-05-17T09:08:01.532616+00:00
2026-01-14,2026-01-14 00:00:00+00:00,0.195140506,TIBBIR,0xa4a2e2ca3fbfe21aed83471d28b6f65a233c6e00,alchemy_prices,2026-05-17T09:08:01.532616+00:00
2026-01-15,2026-01-15 00:00:00+00:00,0.1850538935,TIBBIR,0xa4a2e2ca3fbfe21aed83471d28b6f65a233c6e00,alchemy_prices,2026-05-17T09:08:01.532616+00:00
2026-01-16,2026-01-16 00:00:00+00:00,0.1831369158,TIBBIR,0xa4a2e2ca3fbfe21aed83471d28b6f65a233c6e00,alchemy_prices,2026-05-17T09:08:01.532616+00:00
2026-01-17,2026-01-17 00:00:00+00:00,0.1837743362,TIBBIR,0xa4a2e2ca3fbfe21aed83471d28b6f65a233c6e00,alchemy_prices,2026-05-17T09:08:01.532616+00:00
2026-01-18,2026-01-18 00:00:00+00:00,0.1738077763,TIBBIR,0xa4a2e2ca3fbfe21aed83471d28b6f65a233c6e00,alchemy_prices,2026-05-17T09:08:01.532616+00:00
2026-01-19,2026-01-19 00:00:00+00:00,0.1632407264,TIBBIR,0xa4a2e2ca3fbfe21aed83471d28b6f65a233c6e00,alchemy_prices,2026-05-17T09:08:01.532616+00:00
2026-01-20,2026-01-20 00:00:00+00:00,0.1652166309,TIBBIR,0xa4a2e2ca3fbfe21aed83471d28b6f65a233c6e00,alchemy_prices,2026-05-17T09:08:01.532616+00:00
2026-01-21,2026-01-21 00:00:00+00:00,0.1492718093,TIBBIR,0xa4a2e2ca3fbfe21aed83471d28b6f65a233c6e00,alchemy_prices,2026-05-17T09:08:01.532616+00:00
2026-01-22,2026-01-22 00:00:00+00:00,0.1543127965,TIBBIR,0xa4a2e2ca3fbfe21aed83471d28b6f65a233c6e00,alchemy_prices,2026-05-17T09:08:01.532616+00:00
2026-01-23,2026-01-23 00:00:00+00:00,0.1528325816,TIBBIR,0xa4a2e2ca3fbfe21aed83471d28b6f65a233c6e00,alchemy_prices,2026-05-17T09:08:01.532616+00:00
2026-01-24,2026-01-24 00:00:00+00:00,0.1508904625,TIBBIR,0xa4a2e2ca3fbfe21aed83471d28b6f65a233c6e00,alchemy_prices,2026-05-17T09:08:01.532616+00:00
2026-01-25,2026-01-25 00:00:00+00:00,0.1730805367,TIBBIR,0xa4a2e2ca3fbfe21aed83471d28b6f65a233c6e00,alchemy_prices,2026-05-17T09:08:01.532616+00:00
2026-01-26,2026-01-26 00:00:00+00:00,0.145224015,TIBBIR,0xa4a2e2ca3fbfe21aed83471d28b6f65a233c6e00,alchemy_prices,2026-05-17T09:08:01.532616+00:00
2026-01-27,2026-01-27 00:00:00+00:00,0.1561735321,TIBBIR,0xa4a2e2ca3fbfe21aed83471d28b6f65a233c6e00,alchemy_prices,2026-05-17T09:08:01.532616+00:00
2026-01-28,2026-01-28 00:00:00+00:00,0.163059982,TIBBIR,0xa4a2e2ca3fbfe21aed83471d28b6f65a233c6e00,alchemy_prices,2026-05-17T09:08:01.532616+00:00
2026-01-29,2026-01-29 00:00:00+00:00,0.1521941412,TIBBIR,0xa4a2e2ca3fbfe21aed83471d28b6f65a233c6e00,alchemy_prices,2026-05-17T09:08:01.532616+00:00
2026-01-30,2026-01-30 00:00:00+00:00,0.1800564301,TIBBIR,0xa4a2e2ca3fbfe21aed83471d28b6f65a233c6e00,alchemy_prices,2026-05-17T09:08:01.532616+00:00
2026-01-31,2026-01-31 00:00:00+00:00,0.1641763919,TIBBIR,0xa4a2e2ca3fbfe21aed83471d28b6f65a233c6e00,alchemy_prices,2026-05-17T09:08:01.532616+00:00
2026-02-01,2026-02-01 00:00:00+00:00,0.1518433345,TIBBIR,0xa4a2e2ca3fbfe21aed83471d28b6f65a233c6e00,alchemy_prices,2026-05-17T09:08:01.532616+00:00
2026-02-02,2026-02-02 00:00:00+00:00,0.1373117897,TIBBIR,0xa4a2e2ca3fbfe21aed83471d28b6f65a233c6e00,alchemy_prices,2026-05-17T09:08:01.532616+00:00
2026-02-03,2026-02-03 00:00:00+00:00,0.1438877337,TIBBIR,0xa4a2e2ca3fbfe21aed83471d28b6f65a233c6e00,alchemy_prices,2026-05-17T09:08:01.532616+00:00
2026-02-04,2026-02-04 00:00:00+00:00,0.1251042982,TIBBIR,0xa4a2e2ca3fbfe21aed83471d28b6f65a233c6e00,alchemy_prices,2026-05-17T09:08:01.532616+00:00
2026-02-05,2026-02-05 00:00:00+00:00,0.1252153385,TIBBIR,0xa4a2e2ca3fbfe21aed83471d28b6f65a233c6e00,alchemy_prices,2026-05-17T09:08:01.532616+00:00
2026-02-06,2026-02-06 00:00:00+00:00,0.0913412517,TIBBIR,0xa4a2e2ca3fbfe21aed83471d28b6f65a233c6e00,alchemy_prices,2026-05-17T09:08:01.532616+00:00
2026-02-07,2026-02-07 00:00:00+00:00,0.1126059521,TIBBIR,0xa4a2e2ca3fbfe21aed83471d28b6f65a233c6e00,alchemy_prices,2026-05-17T09:08:01.532616+00:00
2026-02-08,2026-02-08 00:00:00+00:00,0.1094589224,TIBBIR,0xa4a2e2ca3fbfe21aed83471d28b6f65a233c6e00,alchemy_prices,2026-05-17T09:08:01.532616+00:00
2026-02-09,2026-02-09 00:00:00+00:00,0.1013357338,TIBBIR,0xa4a2e2ca3fbfe21aed83471d28b6f65a233c6e00,alchemy_prices,2026-05-17T09:08:01.532616+00:00
2026-02-10,2026-02-10 00:00:00+00:00,0.0992072972,TIBBIR,0xa4a2e2ca3fbfe21aed83471d28b6f65a233c6e00,alchemy_prices,2026-05-17T09:08:01.532616+00:00
2026-02-11,2026-02-11 00:00:00+00:00,0.0956521825,TIBBIR,0xa4a2e2ca3fbfe21aed83471d28b6f65a233c6e00,alchemy_prices,2026-05-17T09:08:01.532616+00:00
2026-02-12,2026-02-12 00:00:00+00:00,0.0882288105,TIBBIR,0xa4a2e2ca3fbfe21aed83471d28b6f65a233c6e00,alchemy_prices,2026-05-17T09:08:01.532616+00:00
2026-02-13,2026-02-13 00:00:00+00:00,0.1122904332,TIBBIR,0xa4a2e2ca3fbfe21aed83471d28b6f65a233c6e00,alchemy_prices,2026-05-17T09:08:01.532616+00:00
2026-02-14,2026-02-14 00:00:00+00:00,0.1371631983,TIBBIR,0xa4a2e2ca3fbfe21aed83471d28b6f65a233c6e00,alchemy_prices,2026-05-17T09:08:01.532616+00:00
2026-02-15,2026-02-15 00:00:00+00:00,0.1381403753,TIBBIR,0xa4a2e2ca3fbfe21aed83471d28b6f65a233c6e00,alchemy_prices,2026-05-17T09:08:01.532616+00:00
2026-02-16,2026-02-16 00:00:00+00:00,0.1352359949,TIBBIR,0xa4a2e2ca3fbfe21aed83471d28b6f65a233c6e00,alchemy_prices,2026-05-17T09:08:01.532616+00:00
2026-02-17,2026-02-17 00:00:00+00:00,0.1288369552,TIBBIR,0xa4a2e2ca3fbfe21aed83471d28b6f65a233c6e00,alchemy_prices,2026-05-17T09:08:01.532616+00:00
2026-02-18,2026-02-18 00:00:00+00:00,0.1345610355,TIBBIR,0xa4a2e2ca3fbfe21aed83471d28b6f65a233c6e00,alchemy_prices,2026-05-17T09:08:01.532616+00:00
2026-02-19,2026-02-19 00:00:00+00:00,0.1300962373,TIBBIR,0xa4a2e2ca3fbfe21aed83471d28b6f65a233c6e00,alchemy_prices,2026-05-17T09:08:01.532616+00:00
2026-02-20,2026-02-20 00:00:00+00:00,0.1435215787,TIBBIR,0xa4a2e2ca3fbfe21aed83471d28b6f65a233c6e00,alchemy_prices,2026-05-17T09:08:01.532616+00:00
2026-02-21,2026-02-21 00:00:00+00:00,0.1450283554,TIBBIR,0xa4a2e2ca3fbfe21aed83471d28b6f65a233c6e00,alchemy_prices,2026-05-17T09:08:01.532616+00:00
2026-02-22,2026-02-22 00:00:00+00:00,0.1788479723,TIBBIR,0xa4a2e2ca3fbfe21aed83471d28b6f65a233c6e00,alchemy_prices,2026-05-17T09:08:01.532616+00:00
2026-02-23,2026-02-23 00:00:00+00:00,0.1657429817,TIBBIR,0xa4a2e2ca3fbfe21aed83471d28b6f65a233c6e00,alchemy_prices,2026-05-17T09:08:01.532616+00:00
2026-02-24,2026-02-24 00:00:00+00:00,0.1574090495,TIBBIR,0xa4a2e2ca3fbfe21aed83471d28b6f65a233c6e00,alchemy_prices,2026-05-17T09:08:01.532616+00:00
2026-02-25,2026-02-25 00:00:00+00:00,0.1763702424,TIBBIR,0xa4a2e2ca3fbfe21aed83471d28b6f65a233c6e00,alchemy_prices,2026-05-17T09:08:01.532616+00:00
2026-02-26,2026-02-26 00:00:00+00:00,0.1889801385,TIBBIR,0xa4a2e2ca3fbfe21aed83471d28b6f65a233c6e00,alchemy_prices,2026-05-17T09:08:01.532616+00:00
2026-02-27,2026-02-27 00:00:00+00:00,0.1827931157,TIBBIR,0xa4a2e2ca3fbfe21aed83471d28b6f65a233c6e00,alchemy_prices,2026-05-17T09:08:01.532616+00:00
2026-02-28,2026-02-28 00:00:00+00:00,0.1700523335,TIBBIR,0xa4a2e2ca3fbfe21aed83471d28b6f65a233c6e00,alchemy_prices,2026-05-17T09:08:01.532616+00:00
2026-03-01,2026-03-01 00:00:00+00:00,0.1801632662,TIBBIR,0xa4a2e2ca3fbfe21aed83471d28b6f65a233c6e00,alchemy_prices,2026-05-17T09:08:01.532616+00:00
2026-03-02,2026-03-02 00:00:00+00:00,0.1554821981,TIBBIR,0xa4a2e2ca3fbfe21aed83471d28b6f65a233c6e00,alchemy_prices,2026-05-17T09:08:01.532616+00:00
2026-03-03,2026-03-03 00:00:00+00:00,0.1758690535,TIBBIR,0xa4a2e2ca3fbfe21aed83471d28b6f65a233c6e00,alchemy_prices,2026-05-17T09:08:01.532616+00:00
2026-03-04,2026-03-04 00:00:00+00:00,0.180870239,TIBBIR,0xa4a2e2ca3fbfe21aed83471d28b6f65a233c6e00,alchemy_prices,2026-05-17T09:08:01.532616+00:00
2026-03-05,2026-03-05 00:00:00+00:00,0.1874833466,TIBBIR,0xa4a2e2ca3fbfe21aed83471d28b6f65a233c6e00,alchemy_prices,2026-05-17T09:08:01.532616+00:00
2026-03-06,2026-03-06 00:00:00+00:00,0.1776651138,TIBBIR,0xa4a2e2ca3fbfe21aed83471d28b6f65a233c6e00,alchemy_prices,2026-05-17T09:08:01.532616+00:00
2026-03-07,2026-03-07 00:00:00+00:00,0.1648310284,TIBBIR,0xa4a2e2ca3fbfe21aed83471d28b6f65a233c6e00,alchemy_prices,2026-05-17T09:08:01.532616+00:00
2026-03-08,2026-03-08 00:00:00+00:00,0.1592444586,TIBBIR,0xa4a2e2ca3fbfe21aed83471d28b6f65a233c6e00,alchemy_prices,2026-05-17T09:08:01.532616+00:00
2026-03-09,2026-03-09 00:00:00+00:00,0.1443923189,TIBBIR,0xa4a2e2ca3fbfe21aed83471d28b6f65a233c6e00,alchemy_prices,2026-05-17T09:08:01.532616+00:00
2026-03-10,2026-03-10 00:00:00+00:00,0.1541164717,TIBBIR,0xa4a2e2ca3fbfe21aed83471d28b6f65a233c6e00,alchemy_prices,2026-05-17T09:08:01.532616+00:00
2026-03-11,2026-03-11 00:00:00+00:00,0.1624974869,TIBBIR,0xa4a2e2ca3fbfe21aed83471d28b6f65a233c6e00,alchemy_prices,2026-05-17T09:08:01.532616+00:00
2026-03-12,2026-03-12 00:00:00+00:00,0.1600688592,TIBBIR,0xa4a2e2ca3fbfe21aed83471d28b6f65a233c6e00,alchemy_prices,2026-05-17T09:08:01.532616+00:00
2026-03-13,2026-03-13 00:00:00+00:00,0.1624680989,TIBBIR,0xa4a2e2ca3fbfe21aed83471d28b6f65a233c6e00,alchemy_prices,2026-05-17T09:08:01.532616+00:00
2026-03-14,2026-03-14 00:00:00+00:00,0.1486419451,TIBBIR,0xa4a2e2ca3fbfe21aed83471d28b6f65a233c6e00,alchemy_prices,2026-05-17T09:08:01.532616+00:00
2026-03-15,2026-03-15 00:00:00+00:00,0.1543271982,TIBBIR,0xa4a2e2ca3fbfe21aed83471d28b6f65a233c6e00,alchemy_prices,2026-05-17T09:08:01.532616+00:00
2026-03-16,2026-03-16 00:00:00+00:00,0.1521886994,TIBBIR,0xa4a2e2ca3fbfe21aed83471d28b6f65a233c6e00,alchemy_prices,2026-05-17T09:08:01.532616+00:00
2026-03-17,2026-03-17 00:00:00+00:00,0.154709648,TIBBIR,0xa4a2e2ca3fbfe21aed83471d28b6f65a233c6e00,alchemy_prices,2026-05-17T09:08:01.532616+00:00
2026-03-18,2026-03-18 00:00:00+00:00,0.160518202,TIBBIR,0xa4a2e2ca3fbfe21aed83471d28b6f65a233c6e00,alchemy_prices,2026-05-17T09:08:01.532616+00:00
2026-03-19,2026-03-19 00:00:00+00:00,0.1550000358,TIBBIR,0xa4a2e2ca3fbfe21aed83471d28b6f65a233c6e00,alchemy_prices,2026-05-17T09:08:01.532616+00:00
2026-03-20,2026-03-20 00:00:00+00:00,0.1480237325,TIBBIR,0xa4a2e2ca3fbfe21aed83471d28b6f65a233c6e00,alchemy_prices,2026-05-17T09:08:01.532616+00:00
2026-03-21,2026-03-21 00:00:00+00:00,0.1466059779,TIBBIR,0xa4a2e2ca3fbfe21aed83471d28b6f65a233c6e00,alchemy_prices,2026-05-17T09:08:01.532616+00:00
2026-03-22,2026-03-22 00:00:00+00:00,0.1398064926,TIBBIR,0xa4a2e2ca3fbfe21aed83471d28b6f65a233c6e00,alchemy_prices,2026-05-17T09:08:01.532616+00:00
2026-03-23,2026-03-23 00:00:00+00:00,0.1381797976,TIBBIR,0xa4a2e2ca3fbfe21aed83471d28b6f65a233c6e00,alchemy_prices,2026-05-17T09:08:01.532616+00:00
2026-03-24,2026-03-24 00:00:00+00:00,0.1415829632,TIBBIR,0xa4a2e2ca3fbfe21aed83471d28b6f65a233c6e00,alchemy_prices,2026-05-17T09:08:01.532616+00:00
2026-03-25,2026-03-25 00:00:00+00:00,0.1303427203,TIBBIR,0xa4a2e2ca3fbfe21aed83471d28b6f65a233c6e00,alchemy_prices,2026-05-17T09:08:01.532616+00:00
2026-03-26,2026-03-26 00:00:00+00:00,0.1279881531,TIBBIR,0xa4a2e2ca3fbfe21aed83471d28b6f65a233c6e00,alchemy_prices,2026-05-17T09:08:01.532616+00:00
2026-03-27,2026-03-27 00:00:00+00:00,0.1218375636,TIBBIR,0xa4a2e2ca3fbfe21aed83471d28b6f65a233c6e00,alchemy_prices,2026-05-17T09:08:01.532616+00:00
2026-03-28,2026-03-28 00:00:00+00:00,0.1087676268,TIBBIR,0xa4a2e2ca3fbfe21aed83471d28b6f65a233c6e00,alchemy_prices,2026-05-17T09:08:01.532616+00:00
2026-03-29,2026-03-29 00:00:00+00:00,0.1102353766,TIBBIR,0xa4a2e2ca3fbfe21aed83471d28b6f65a233c6e00,alchemy_prices,2026-05-17T09:08:01.532616+00:00
2026-03-30,2026-03-30 00:00:00+00:00,0.0999469185,TIBBIR,0xa4a2e2ca3fbfe21aed83471d28b6f65a233c6e00,alchemy_prices,2026-05-17T09:08:01.532616+00:00
2026-03-31,2026-03-31 00:00:00+00:00,0.0955644781,TIBBIR,0xa4a2e2ca3fbfe21aed83471d28b6f65a233c6e00,alchemy_prices,2026-05-17T09:08:01.532616+00:00
2026-04-01,2026-04-01 00:00:00+00:00,0.1031523707,TIBBIR,0xa4a2e2ca3fbfe21aed83471d28b6f65a233c6e00,alchemy_prices,2026-05-17T09:08:01.532616+00:00
2026-04-02,2026-04-02 00:00:00+00:00,0.1064214728,TIBBIR,0xa4a2e2ca3fbfe21aed83471d28b6f65a233c6e00,alchemy_prices,2026-05-17T09:08:01.532616+00:00
2026-04-03,2026-04-03 00:00:00+00:00,0.1005581937,TIBBIR,0xa4a2e2ca3fbfe21aed83471d28b6f65a233c6e00,alchemy_prices,2026-05-17T09:08:01.532616+00:00
2026-04-04,2026-04-04 00:00:00+00:00,0.0994500747,TIBBIR,0xa4a2e2ca3fbfe21aed83471d28b6f65a233c6e00,alchemy_prices,2026-05-17T09:08:01.532616+00:00
2026-04-05,2026-04-05 00:00:00+00:00,0.09700619,TIBBIR,0xa4a2e2ca3fbfe21aed83471d28b6f65a233c6e00,alchemy_prices,2026-05-17T09:08:01.532616+00:00
2026-04-06,2026-04-06 00:00:00+00:00,0.0932930821,TIBBIR,0xa4a2e2ca3fbfe21aed83471d28b6f65a233c6e00,alchemy_prices,2026-05-17T09:08:01.532616+00:00
2026-04-07,2026-04-07 00:00:00+00:00,0.0961869318,TIBBIR,0xa4a2e2ca3fbfe21aed83471d28b6f65a233c6e00,alchemy_prices,2026-05-17T09:08:01.532616+00:00
2026-04-08,2026-04-08 00:00:00+00:00,0.1143970333,TIBBIR,0xa4a2e2ca3fbfe21aed83471d28b6f65a233c6e00,alchemy_prices,2026-05-17T09:08:01.532616+00:00
2026-04-09,2026-04-09 00:00:00+00:00,0.1091540771,TIBBIR,0xa4a2e2ca3fbfe21aed83471d28b6f65a233c6e00,alchemy_prices,2026-05-17T09:08:01.532616+00:00
2026-04-10,2026-04-10 00:00:00+00:00,0.1088912423,TIBBIR,0xa4a2e2ca3fbfe21aed83471d28b6f65a233c6e00,alchemy_prices,2026-05-17T09:08:01.532616+00:00
2026-04-11,2026-04-11 00:00:00+00:00,0.1146510605,TIBBIR,0xa4a2e2ca3fbfe21aed83471d28b6f65a233c6e00,alchemy_prices,2026-05-17T09:08:01.532616+00:00
2026-04-12,2026-04-12 00:00:00+00:00,0.1104828648,TIBBIR,0xa4a2e2ca3fbfe21aed83471d28b6f65a233c6e00,alchemy_prices,2026-05-17T09:08:01.532616+00:00
2026-04-13,2026-04-13 00:00:00+00:00,0.1291401869,TIBBIR,0xa4a2e2ca3fbfe21aed83471d28b6f65a233c6e00,alchemy_prices,2026-05-17T09:08:01.532616+00:00
2026-04-14,2026-04-14 00:00:00+00:00,0.1531389776,TIBBIR,0xa4a2e2ca3fbfe21aed83471d28b6f65a233c6e00,alchemy_prices,2026-05-17T09:08:01.532616+00:00
2026-04-15,2026-04-15 00:00:00+00:00,0.1350955277,TIBBIR,0xa4a2e2ca3fbfe21aed83471d28b6f65a233c6e00,alchemy_prices,2026-05-17T09:08:01.532616+00:00
2026-04-16,2026-04-16 00:00:00+00:00,0.1384588338,TIBBIR,0xa4a2e2ca3fbfe21aed83471d28b6f65a233c6e00,alchemy_prices,2026-05-17T09:08:01.532616+00:00
2026-04-17,2026-04-17 00:00:00+00:00,0.142210368,TIBBIR,0xa4a2e2ca3fbfe21aed83471d28b6f65a233c6e00,alchemy_prices,2026-05-17T09:08:01.532616+00:00
2026-04-18,2026-04-18 00:00:00+00:00,0.1479693984,TIBBIR,0xa4a2e2ca3fbfe21aed83471d28b6f65a233c6e00,alchemy_prices,2026-05-17T09:08:01.532616+00:00
2026-04-19,2026-04-19 00:00:00+00:00,0.1351819637,TIBBIR,0xa4a2e2ca3fbfe21aed83471d28b6f65a233c6e00,alchemy_prices,2026-05-17T09:08:01.532616+00:00
2026-04-20,2026-04-20 00:00:00+00:00,0.1319010385,TIBBIR,0xa4a2e2ca3fbfe21aed83471d28b6f65a233c6e00,alchemy_prices,2026-05-17T09:08:01.532616+00:00
2026-04-21,2026-04-21 00:00:00+00:00,0.1447272471,TIBBIR,0xa4a2e2ca3fbfe21aed83471d28b6f65a233c6e00,alchemy_prices,2026-05-17T09:08:01.532616+00:00
2026-04-22,2026-04-22 00:00:00+00:00,0.1379334558,TIBBIR,0xa4a2e2ca3fbfe21aed83471d28b6f65a233c6e00,alchemy_prices,2026-05-17T09:08:01.532616+00:00
2026-04-23,2026-04-23 00:00:00+00:00,0.1493251674,TIBBIR,0xa4a2e2ca3fbfe21aed83471d28b6f65a233c6e00,alchemy_prices,2026-05-17T09:08:01.532616+00:00
2026-04-24,2026-04-24 00:00:00+00:00,0.1528739382,TIBBIR,0xa4a2e2ca3fbfe21aed83471d28b6f65a233c6e00,alchemy_prices,2026-05-17T09:08:01.532616+00:00
2026-04-25,2026-04-25 00:00:00+00:00,0.1672438184,TIBBIR,0xa4a2e2ca3fbfe21aed83471d28b6f65a233c6e00,alchemy_prices,2026-05-17T09:08:01.532616+00:00
2026-04-26,2026-04-26 00:00:00+00:00,0.1615447711,TIBBIR,0xa4a2e2ca3fbfe21aed83471d28b6f65a233c6e00,alchemy_prices,2026-05-17T09:08:01.532616+00:00
2026-04-27,2026-04-27 00:00:00+00:00,0.1600555801,TIBBIR,0xa4a2e2ca3fbfe21aed83471d28b6f65a233c6e00,alchemy_prices,2026-05-17T09:08:01.532616+00:00
2026-04-28,2026-04-28 00:00:00+00:00,0.1556712342,TIBBIR,0xa4a2e2ca3fbfe21aed83471d28b6f65a233c6e00,alchemy_prices,2026-05-17T09:08:01.532616+00:00
2026-04-29,2026-04-29 00:00:00+00:00,0.1474279869,TIBBIR,0xa4a2e2ca3fbfe21aed83471d28b6f65a233c6e00,alchemy_prices,2026-05-17T09:08:01.532616+00:00
2026-04-30,2026-04-30 00:00:00+00:00,0.1416497286,TIBBIR,0xa4a2e2ca3fbfe21aed83471d28b6f65a233c6e00,alchemy_prices,2026-05-17T09:08:01.532616+00:00
2026-05-01,2026-05-01 00:00:00+00:00,0.1406550886,TIBBIR,0xa4a2e2ca3fbfe21aed83471d28b6f65a233c6e00,alchemy_prices,2026-05-17T09:08:01.532616+00:00
2026-05-02,2026-05-02 00:00:00+00:00,0.1408318827,TIBBIR,0xa4a2e2ca3fbfe21aed83471d28b6f65a233c6e00,alchemy_prices,2026-05-17T09:08:01.532616+00:00
2026-05-03,2026-05-03 00:00:00+00:00,0.1527027956,TIBBIR,0xa4a2e2ca3fbfe21aed83471d28b6f65a233c6e00,alchemy_prices,2026-05-17T09:08:01.532616+00:00
2026-05-04,2026-05-04 00:00:00+00:00,0.1548385344,TIBBIR,0xa4a2e2ca3fbfe21aed83471d28b6f65a233c6e00,alchemy_prices,2026-05-17T09:08:01.532616+00:00
2026-05-05,2026-05-05 00:00:00+00:00,0.1559003423,TIBBIR,0xa4a2e2ca3fbfe21aed83471d28b6f65a233c6e00,alchemy_prices,2026-05-17T09:08:01.532616+00:00
2026-05-06,2026-05-06 00:00:00+00:00,0.1562548675,TIBBIR,0xa4a2e2ca3fbfe21aed83471d28b6f65a233c6e00,alchemy_prices,2026-05-17T09:08:01.532616+00:00
2026-05-07,2026-05-07 00:00:00+00:00,0.1499673249,TIBBIR,0xa4a2e2ca3fbfe21aed83471d28b6f65a233c6e00,alchemy_prices,2026-05-17T09:08:01.532616+00:00
2026-05-08,2026-05-08 00:00:00+00:00,0.1479530127,TIBBIR,0xa4a2e2ca3fbfe21aed83471d28b6f65a233c6e00,alchemy_prices,2026-05-17T09:08:01.532616+00:00
2026-05-09,2026-05-09 00:00:00+00:00,0.1449365527,TIBBIR,0xa4a2e2ca3fbfe21aed83471d28b6f65a233c6e00,alchemy_prices,2026-05-17T09:08:01.532616+00:00
2026-05-10,2026-05-10 00:00:00+00:00,0.1401792817,TIBBIR,0xa4a2e2ca3fbfe21aed83471d28b6f65a233c6e00,alchemy_prices,2026-05-17T09:08:01.532616+00:00
2026-05-11,2026-05-11 00:00:00+00:00,0.1441006731,TIBBIR,0xa4a2e2ca3fbfe21aed83471d28b6f65a233c6e00,alchemy_prices,2026-05-17T09:08:01.532616+00:00
2026-05-12,2026-05-12 00:00:00+00:00,0.1310006393,TIBBIR,0xa4a2e2ca3fbfe21aed83471d28b6f65a233c6e00,alchemy_prices,2026-05-17T09:08:01.532616+00:00
2026-05-13,2026-05-13 00:00:00+00:00,0.1282866049,TIBBIR,0xa4a2e2ca3fbfe21aed83471d28b6f65a233c6e00,alchemy_prices,2026-05-17T09:08:01.532616+00:00
2026-05-14,2026-05-14 00:00:00+00:00,0.1150867679,TIBBIR,0xa4a2e2ca3fbfe21aed83471d28b6f65a233c6e00,alchemy_prices,2026-05-17T09:08:01.532616+00:00
2026-05-15,2026-05-15 00:00:00+00:00,0.1304728089,TIBBIR,0xa4a2e2ca3fbfe21aed83471d28b6f65a233c6e00,alchemy_prices,2026-05-17T09:08:01.532616+00:00
2026-05-16,2026-05-16 00:00:00+00:00,0.1101657694,TIBBIR,0xa4a2e2ca3fbfe21aed83471d28b6f65a233c6e00,alchemy_prices,2026-05-17T09:08:01.532616+00:00
2026-05-17,2026-05-17 00:00:00+00:00,0.1022375922,TIBBIR,0xa4a2e2ca3fbfe21aed83471d28b6f65a233c6e00,alchemy_prices,2026-05-18T03:08:36.802779+00:00
2026-05-18,2026-05-18 00:00:00+00:00,0.1045529385,TIBBIR,0xa4a2e2ca3fbfe21aed83471d28b6f65a233c6e00,alchemy_prices,2026-05-19T03:05:09.525767+00:00
2026-05-19,2026-05-19 00:00:00+00:00,0.1076464061,TIBBIR,0xa4a2e2ca3fbfe21aed83471d28b6f65a233c6e00,alchemy_prices,2026-05-20T03:05:43.610868+00:00
2026-05-20,2026-05-20 00:00:00+00:00,0.0998577249,TIBBIR,0xa4a2e2ca3fbfe21aed83471d28b6f65a233c6e00,alchemy_prices,2026-05-21T02:59:39.440290+00:00
2026-05-21,2026-05-21 00:00:00+00:00,0.1012438542,TIBBIR,0xa4a2e2ca3fbfe21aed83471d28b6f65a233c6e00,alchemy_prices,2026-05-22T12:49:56.802295+00:00
2026-05-22,2026-05-22 00:00:00+00:00,0.1016262344,TIBBIR,0xa4a2e2ca3fbfe21aed83471d28b6f65a233c6e00,alchemy_prices,2026-05-23T02:20:28.880841+00:00
2026-05-23,2026-05-23 00:00:00+00:00,0.0996686179,TIBBIR,0xa4a2e2ca3fbfe21aed83471d28b6f65a233c6e00,alchemy_prices,2026-05-24T02:32:46.089074+00:00
2026-05-24,2026-05-24 00:00:00+00:00,0.1019372974,TIBBIR,0xa4a2e2ca3fbfe21aed83471d28b6f65a233c6e00,alchemy_prices,2026-05-25T02:43:21.878431+00:00
2026-05-25,2026-05-25 00:00:00+00:00,0.1012364865,TIBBIR,0xa4a2e2ca3fbfe21aed83471d28b6f65a233c6e00,alchemy_prices,2026-05-26T02:21:53.123385+00:00
2026-05-26,2026-05-26 00:00:00+00:00,0.1013539181,TIBBIR,0xa4a2e2ca3fbfe21aed83471d28b6f65a233c6e00,alchemy_prices,2026-05-27T02:26:58.479319+00:00
2026-05-27,2026-05-27 00:00:00+00:00,0.1168233192,TIBBIR,0xa4a2e2ca3fbfe21aed83471d28b6f65a233c6e00,alchemy_prices,2026-05-28T02:10:38.513424+00:00
2026-05-28,2026-05-28 00:00:00+00:00,0.1168604436,TIBBIR,0xa4a2e2ca3fbfe21aed83471d28b6f65a233c6e00,alchemy_prices,2026-05-29T02:28:01.494741+00:00
2026-05-29,2026-05-29 00:00:00+00:00,0.1223206535,TIBBIR,0xa4a2e2ca3fbfe21aed83471d28b6f65a233c6e00,alchemy_prices,2026-05-29T02:28:01.494741+00:00
