"HolderAddress","Quantity","PendingBalanceUpdate"
"0x00064401309e92e89d14968bf7b5c133631680ee","1","No"
"0x002a635af4906df6b57329849793ea7ac8206451","1","No"
"0x003a559a0a53e8bb8397a23752f5487c9de7d53f","1","No"
"0x008370f0e908f301c63d054e5d925276b6616e2b","1","No"
"0x00e2e71b6a02394d0c4fb9e12c511fa9ed6ef8e9","1","No"
"0x00efdd6db0735bd588210c03fbc774617dac115e","1","No"
"0x0133ef2e71a01aa1e734003e9d3c3417db105322","1","No"
"0x017555d1bb36aec5cd386e3a7b4976ad97b9e7ea","1","No"
"0x019ad0cc8a70a962a5d12e239462f733858a0a07","1","No"
"0x01c9715139e40d4b9b05948d1683b705f28588cb","1","No"
"0x0203c55ba112d7dba8d003c04a6ad3546f68e0af","1","No"
"0x020e1a05b61b0cd32e5b02f684b383cc0fd9310d","1","No"
"0x0241dfb8165dac08d3f78cb931cf46d110f16733","1","No"
"0x024aef1375c1701693b2a0c8e8ad7badf0dce493","1","No"
"0x024c90b8a49d82ab584015026ecaf59d3071752f","1","No"
"0x0274f5975e6caefb4a12e0aeb0797f2bbbff0a8e","1","No"
"0x027cc12c40c3cb9c50ef5ab420429d81fea03a7f","1","No"
"0x029466c1cdb2e91fdb8b69d9d52788de1c5bb176","1","No"
"0x02a0c8eb51ebcbec763b0d322217cf5f33b16149","1","No"
"0x02b1dcf1084f72763df05b012502d1eb7ff39c63","1","No"
"0x02c1d6b858f0f007f90e7f0d7637ddb44bdbe676","1","No"
"0x02df0691f9c770e192a9548d030481d02d88425d","1","No"
"0x02f491ff7f6c80b86931aa97ada7d672f790c300","1","No"
"0x0314285ab35967fd5d46ca83eb0ba4a1e0effa78","1","No"
"0x033bf45b71dc1430a8fe2324d1b2fc826c0111ef","1","No"
"0x03bc556f7e768876123b392e283c7980c72d1248","1","No"
"0x041e0882c5691ab4404485c960e2c52125ec116c","1","No"
"0x0422c8b92f256eec0d05618669e9e3b5ee6523f0","1","No"
"0x042f2f42bc46626f07d400e7aeecae0645e4a220","1","No"
"0x0480c1d2786cb2f37dea15613d343a113103d7af","1","No"
"0x04b35947dfb09226e866d5f40694ab9e0a350c57","1","No"
"0x050b06627b5521b2b6f8f15470504824e14ac187","1","No"
"0x051d34537c5171724c6a8a97fff89700a2e39418","1","No"
"0x0540b83d50382ffffba92176e2612fbf80a453da","1","No"
"0x054461ab6bda045d3139239cc52988a5c88b9c72","1","No"
"0x054f32130b646875b2e614947eba0f6cc9626c81","1","No"
"0x0561f062b31b54fcb1a627ff0dbefc0cc5e0c882","1","No"
"0x059e409c48f3e2385d88963a1db8a257234771da","1","No"
"0x05b94c022ceaf0deeae88e523607645b2e728c46","1","No"
"0x05c5e29c4c633b3cc8ff1d338ef76bbe3ee01150","1","No"
"0x05f01e47fad118e2779da62cec0c1a696f7c4947","1","No"
"0x062e4c8530018238715c4595017345cddd694791","1","No"
"0x06467e6565dba253163a35cfab1c7e95a5c9c833","1","No"
"0x066ea3335303e91b9a195448b88b69b2d777e8ea","1","No"
"0x0676ca5e0e40d95b704aeb839903c12144fcc2ed","1","No"
"0x0693788aa657d71b92c9f3face34dc8929cda645","1","No"
"0x06d55d713d71e34b41cd83f3381110fbccae6dc7","1","No"
"0x0707caead450c6add3bab41d006a7f52ad7f840c","1","No"
"0x0713a6c6fd18b2c7e687c4b6f5c4dd941c4c3bc0","1","No"
"0x072efc4b7a503d7cc78e68b9c5d2c5e75fe14e47","1","No"
"0x0753f5b3325451294d1f905b7c349fff14f2cde3","1","No"
"0x07548e8f1a2032ba44c53d03383dec7e5bafe43e","1","No"
"0x0757032f0f61614dfbef54fef5c277bde9898b4b","1","No"
"0x0833a695f0e9dc8553df85dcc1451247a4aa125f","1","No"
"0x084dd6ecace2f478302e8c2fad0158c6db19624b","1","No"
"0x0861033f61a307b283ac94ba748eac8543c93873","1","No"
"0x08799e51e5597c807ab8493f186c801aec22c668","1","No"
"0x08f83e8860912f8c8186461ea00db5f6030c70f6","1","No"
"0x08fba38e7a0fd1ac06653b5bec0136fd69a5324b","1","No"
"0x0945edf30d1c8ff4d2d1e226fd64f3ab4f334839","1","No"
"0x0983bd80f90f9953cfde3e863860e3616a11924e","1","No"
"0x09cfe8ea2edcf2022ca16d1eb39c9fee46674f6d","1","No"
"0x09f5fd1484651d5cde4f4aff23f94af29ea7770c","1","No"
"0x0a16a638782d4bdb8e60daedfa5d511e02121500","1","No"
"0x0a1f484b66ef739314a2fb1aba03b3b1c6a45689","1","No"
"0x0ab299f377440718340352470fdb7cb9e89e4c43","1","No"
"0x0ab642335c6323edc820f1b074c103b103449d4b","1","No"
"0x0ad0a91d44fd84ecb3164b4e3be520e3bf4eed03","1","No"
"0x0ad14d58c097b0e60170600371e59171c7b1d9df","1","No"
"0x0ae39598f0631dc69c00dbabdc9e7b869ebac5e4","1","No"
"0x0af25d76d4af74e8ba00518bd5a6b246d12c8ebe","1","No"
"0x0b48cde020bd25ddd4b8d79835fee85ee3b94ce5","1","No"
"0x0ba0f1288fe2e3c2a62249fa08e0413e284da899","1","No"
"0x0bcd71adbcc2a09b14849e2248cd7fa97acda113","1","No"
"0x0bcde898c2c7384fe82384bb07c2bfe4fd5e0ce1","1","No"
"0x0c1831988081e1deda8f41c7d3d62212b00e503a","1","No"
"0x0c38b0f1ed18cc36a51fee6fc4ce0873c13046c5","1","No"
"0x0c3a7e4dbbb46d2c7290e595f3326ed425dce688","1","No"
"0x0c57387e2638fd94b2789002c7a9744c7d282095","1","No"
"0x0c65109c085fedcb94a0372345b8921177880733","1","No"
"0x0d0255f497119082e6d9559d78b59fe94413a3b8","1","No"
"0x0d1b78a8dd39cdfe546bd1b74bce138e88544ec1","1","No"
"0x0e13a4d3de61a32e9b01b8404518612fa490b45f","1","No"
"0x0e5de2769c2f7cc00ae6b89b1d7e3a43aa3a81a3","1","No"
"0x0e736877ead3831ffa9f318c4e5a14334d3e1ab8","1","No"
"0x0e8644cca8fcf853f4384ced3da79e92ec3d0069","1","No"
"0x0ed1e2a1e0ced4b09b314fc1f566a1a364eee5ab","1","No"
"0x0efa8151f32d5880f26f8fcb646865e86db3f613","1","No"
"0x0f18c529b51851079b348bcffd1a45c9426fa65d","1","No"
"0x0f19aec27f41a29782911396ea612723e939e7b4","1","No"
"0x0f37d928a0d372c69cac60dc60300802b8d88d92","1","No"
"0x0f3e63a0a207d9c196cf842872df7774f3a04555","1","No"
"0x0f40a9d7465fdb9839e435a9187f4103e1f7f481","1","No"
"0x0f6957c22e5ae1ae6e3302c4b3579cac78510fa7","1","No"
"0x0f6ab6b54c946171c55ec077e3e869c7203b9546","1","No"
"0x0fd52c44e45d6de9c4fbfa7a00f21b4e2906aeb2","1","No"
"0x0ff86abedee0edad5f1bf65d735d48947a53df52","1","No"
"0x104e1eb9706ca65102617b0a259c78e874aa1b0e","1","No"
"0x108bd550a888b6174b7bb2f555fc4006b1853984","1","No"
"0x10923a69ab81b9867e5fb7cb7863e505b0358e9c","1","No"
"0x109afb3e47786955c4623e62f2b5e38b53bf5620","1","No"
"0x10d37a58e5ed0e5ae78b271515c19344ce31f56f","1","No"
"0x10e655c93faa0730945a0e5c74826aa6940da0d3","1","No"
"0x10fc893769622efa4671a7cd462fdb2562714f70","1","No"
"0x115c0dcfb9abe2ebb25acb865c1e2c2dd0bb7e30","1","No"
"0x1191731aa37bda42e2c13143ada6b38661f6af22","1","No"
"0x11a8404a2c72db00b8c77e1ee3c3e55fbcb4b493","1","No"
"0x11c887fca2222233d11c89ff1bbf7fd299649ba6","1","No"
"0x1207d8689a715f9624b04582f52beb256c1bef38","1","No"
"0x126730b299e8da0cba18ac0067dfc7249b65c97a","1","No"
"0x1277943c2325751f09b3e90bb8f55d6ab601e735","1","No"
"0x12a78f9fd257df572b8b218dc306bdcfcf14508a","1","No"
"0x12da6d6797ace4c32b84ff23ea139716bfd9bf38","1","No"
"0x12db4c9676dfb2131f2505a637562a61144d7e48","1","No"
"0x12e1d40dcf26aade635e34a32b7b8601e225684a","1","No"
"0x12f8026072fa10a5796deffe7d54b9ea42ff9ccd","1","No"
"0x1319fc9e67c72ae0d72cafa947866de2eccacd7e","1","No"
"0x13b350778dcfdfc6656b488a6b2b82d6f2cbc21c","1","No"
"0x13bcbb9c315508b92029ad438fe1bf31548c4325","1","No"
"0x13d44db02d40b54745feaf078df4ef1863d0d2c7","1","No"
"0x147929bca8884ae7652430704495573f46cb645b","1","No"
"0x1531f78a832baa682982c0783946f503bd89f969","1","No"
"0x15a25aad228e4e5c210c36d89f994da618bd9c62","1","No"
"0x15c652f299e331a631864985482efec61ce9b2a0","1","No"
"0x1600f3c0f896d19ffa58d0236c58eda2b71244ca","1","No"
"0x163842bb734c3be39a811bd6711dae126d143131","1","No"
"0x164f0fcf621037476b7f4dbbf71d122ee2295295","1","No"
"0x166d9615ca7314c42b44986845e75ffba44829aa","1","No"
"0x16856ce26a229c5c4c67dd3e8e58af95f1d0089a","1","No"
"0x169a83c876c8b248df20ba998be466afb91f45ae","1","No"
"0x169aa7e5e200dc44d9a72989d933158e46cf04c8","1","No"
"0x169acfceb9d9d540708965c3cbeda317d6d664af","1","No"
"0x16b1c4be2edab1272fbdbb324319cf06b92e75fa","1","No"
"0x16b7a62298c7425e767130fe5c1dad3f88e836d8","1","No"
"0x16fd282b7dd09d8424c0fe78320320381036de10","1","No"
"0x17acaade578bebe1d8d6c20326771bec5ada96a4","1","No"
"0x17e5680f99598a81c7145bdd800d7fc0bde5c25c","1","No"
"0x17eeab2b09449d6696ed248449e75a58f26693e6","1","No"
"0x185d376e977b76f87c13d52e314331d893768210","1","No"
"0x1860e6829d17211261476712054d2540e15d201d","1","No"
"0x188ff41da75f5e24c3ea3a3eda23fbae53dd47d6","1","No"
"0x1896ff26d793c142ea8bd0b565a5e6f3429b90ae","1","No"
"0x18a3bd344d755b13702618ed4223dbc1d70299eb","1","No"
"0x18b2a61d1a804fba6570ff186f05f5884194571b","1","No"
"0x18b849da02ed88532397cf4fccb707d1240086c2","1","No"
"0x18edfa73b6201aa015ed4ca8cf030ad584b46a8c","1","No"
"0x1925db58dfcf8deae6fc61115247c7375a6eaa36","1","No"
"0x19716575e2f2babf83e1266f524e856f97c11ffb","1","No"
"0x1976da74e968c6f9ba775f5f856ac4c9d26af313","1","No"
"0x19cc3cfa7a2ca87e81759ccb0c7a9acc4fd384b1","1","No"
"0x19d8bb46bd34c03c97d7b280d4b416bbaf84202b","1","No"
"0x19d9e3f220a0146e7808d51851774792ad6442c5","1","No"
"0x1a0a0a1fc4b31a4892441a2d1c3ba7ba64b74009","1","No"
"0x1a5819bcbdf19cb5b6a2947a27d1a5923999204c","1","No"
"0x1a60a34beb8f7acb77a3c25e60d926fd3702f5f1","1","No"
"0x1a7582c372bc14dbe08ec6b666f0c9a37b33d827","1","No"
"0x1a80d363c0b47a724581d9170ee58a6c7d891e7b","1","No"
"0x1a95fd77e0446d6a1cb0c1dd4f445ea84bcbb76d","1","No"
"0x1aa1f19780df2de46a3744e10156b939c6e41bea","1","No"
"0x1aa923491220ac80cd274272eb7fb1411dee663c","1","No"
"0x1ab775e0c1ad80f05f7aab07f996bb48a678f208","1","No"
"0x1abf4ce72aca6bc104bd1e9701e6bd8a3abeb69a","1","No"
"0x1b06b75e932ddfb113e9b2c190c4e5a9c62d3e40","1","No"
"0x1b420237e6c958c64bb5a02797425c00ff907749","1","No"
"0x1b84ee15a04a165b2dd08e959891f30fa8fdcd84","1","No"
"0x1b94546c3bafe14cde7d0deb3533c43625e4a3f4","1","No"
"0x1bd6acf81305c2defd65f4cc6e04b1a4913865fc","1","No"
"0x1c39ba4c2ebaf785ec94ff0082150ab191167b48","1","No"
"0x1c3a06ea66cc4de742ad2ee193b2b0322734cc00","1","No"
"0x1ca769fafdd105bc3d680018608cdfa39cef0540","1","No"
"0x1cb0a913a446abc4dc3c46ee94c98a0266f728bf","1","No"
"0x1cc79d49ce5b9519c912d810e39025dd27d1f033","1","No"
"0x1cd4afa370e43dbad4f04326e3a006ff3bfce434","1","No"
"0x1ceca980e6ccbb736b5f6420b2bb3ba577255cb1","1","No"
"0x1d0b5357c0dbee75b6892914e862f27144969d3b","1","No"
"0x1d3a9a01d1476a1eea9e230cb5ae4ed3ccf0c041","1","No"
"0x1d48eb889a8c9774c4aba35078e9550d4083f2e4","1","No"
"0x1d70de577f673cdbfae22d24d4f31145e5678d2e","1","No"
"0x1dd012efe185916cfc4de693c33ae871e29832ea","1","No"
"0x1e169b4f6bc427913573bbe5df2b6c98f2f4d448","1","No"
"0x1e1781b78f9435a00e7339115afcb02558bf20b1","1","No"
"0x1e36bbdb94545fd7135243e823254c5b26f029fd","1","No"
"0x1eaa4df8c1a1444631c88d0c221cfb6333be2ea0","1","No"
"0x1ef17ce5ce0e4ea09bcfbeea435e585bb19e0e78","1","No"
"0x1f252a861351630a8b7eb1b1efec2087e013a676","1","No"
"0x1f53c0bee870c2e8b28fefd1353edbe6b158a845","1","No"
"0x1f6a1ec02ff72c700879d7ff7e0eb992561c33d9","1","No"
"0x1f89ce8f8279b5aedcd36b5fb1384898bd1a339c","1","No"
"0x1f8cfb6d47b1f1b06b04d7105b003e80c1724de8","1","No"
"0x1f989dca9d0cd433e6c28649ba4549d68c12c32d","1","No"
"0x1fafb618033fb07d3a99704a47451971976cb586","1","No"
"0x2065a565a1627517ef82526b1ff66dbf103a9f45","1","No"
"0x2074924ebfd97ff2351659cb00e259ebd6451aa5","1","No"
"0x20a56ccbf7a3db81bae46de8ff23bd3aa17ccac8","1","No"
"0x20afbf05888cecbb547afb4ec25056444c59f9ad","1","No"
"0x20df01f11c78e7a635fbfdec278da132e33ba4ce","1","No"
"0x20eebf3e7775ce5a98c991362a6d75c1d53d3b73","1","No"
"0x2109fa5770f80c79f9de85ae728bb3d8beab9f6e","1","No"
"0x210f67a04eb2b03e773e06af32445330d9217f64","1","No"
"0x21136c5c6253ff27f8d40ebc50864970e35d6d15","1","No"
"0x219b10cda14fc628e546d2e8ac5a6da55496be69","1","No"
"0x21cb95d9332c48c44cf28a64b6415cfe833fd811","1","No"
"0x21cdf341eedc25fda1c1a7f1db48f3f522a18aeb","1","No"
"0x21dbb6c80ea2bcbaeee33f3f558223128e745967","1","No"
"0x21de8226907ae6a864e7cad6e45929efcfd219e8","1","No"
"0x21ff02bf76e306eceb42354d9a684b2bc373f223","1","No"
"0x22019070ca9500f52a3cf6a5635f98df4d5818f7","1","No"
"0x2220322782437e7192c8e67cc461a177e870e47f","1","No"
"0x2236a018a131796734653b9737427d7c354d2817","1","No"
"0x225e27c5114bd8f8b59097d389e980a441a39a67","1","No"
"0x2268c5c6d586a59cfc73eaad08ebcc78a2781a41","1","No"
"0x227f0f87d2e3022ac11dfd81709af6bb6fdc8af5","1","No"
"0x2281e198cd65abe0135d5140b710b4f29e7be1b7","1","No"
"0x22a8ff60d7b5686082ee9e8a20081c8659153588","1","No"
"0x23033f66214517aeac777e7762dec80658314ebd","1","No"
"0x231c0316a55b463978cbb80802c5e406af226c18","1","No"
"0x2344df9b2807da5aa5a841bbfaf7b6395076dad3","1","No"
"0x235ef78cc21c36e79740493bb48e74e453808041","1","No"
"0x236bcf477d204de10abc2e652e6a8bb68ee8e2ae","1","No"
"0x2391d117b61edd8aa02c1a43a0c546d8405618f6","1","No"
"0x23a01f73f79d70464aa0c087818268c600bea7c4","1","No"
"0x23ac29940262f2139babb6785b95e52480cef75d","1","No"
"0x24506e7634508f4192c16729195df02a3ed273b5","1","No"
"0x2453f5871e7ecbc1d8f027f747bc2616eb310858","1","No"
"0x2465a738085efeca1ce267d24e4ada2180f98037","1","No"
"0x2469a33e8cd7ec967a7b2e9d8078e066ac26a1a5","1","No"
"0x2488267d9e26aea00de1acac832b94347bea17b5","1","No"
"0x24b9f2515da5ab922928a31b8176fc054aa493a5","1","No"
"0x24bb0e13e52f7b064ea725f406e47c06f503dc61","1","No"
"0x24e045efaaaa10f72fa6104792ba8b5c2a9209ff","1","No"
"0x25873b1d09f07aac8d322d94cf803b2f1d6d0b8e","1","No"
"0x25c1010dd7733f4115f29dbf348a9b4420aa94eb","1","No"
"0x25e89e7e04e16ace96f18a54afbed50fe31c0c5c","1","No"
"0x25f4da6bbb0acca0746dc6355164a5a3f36bdfe2","1","No"
"0x26335192bf4c9f7fe98aae14530efca9c36acdda","1","No"
"0x268ca88273c810c0b2807cfca9f7896425dca18e","1","No"
"0x26e57c373b5272e57b684ccf8b7524fe5841bb41","1","No"
"0x27456f45bbbfdc33ecc5946b792621fdf5db5f80","1","No"
"0x27543a9890b7c425b92e951a3a978dfc2443ac87","1","No"
"0x2771bedf2c08553270f77e664691fe6d03c049b6","1","No"
"0x277aec3958eca263436adfbf55b754edb6ea1b05","1","No"
"0x278e0940c8aca8c78c5d570d79eadc738eed27b7","1","No"
"0x2793c797a37b5ef34850692d9f8720daacc3cd83","1","No"
"0x27b084adcba678d19494725943f6de233fe2fc74","1","No"
"0x27f1f0108e964235aa7182c7f7dcc36959b06a6e","1","No"
"0x28552e0d420d631b4b9dd8c8054cb056bfe7624d","1","No"
"0x28839a9fc4a6465000c5c5775983742545ce5ca5","1","No"
"0x2887fe8a0a161240b9d0285aa8dd7181c8a206d0","1","No"
"0x28b75afdc01b2d6c58998bf7481813cf65a7500e","1","No"
"0x28b850134f97e2195b638f253b0f109072eaa885","1","No"
"0x2926147b79a60c5861bce9f1812857fb40691bad","1","No"
"0x294550e014756241e478f94cdc12bc41d4e483a8","1","No"
"0x29754d7a9f9f344327158e2d01508efa415bd558","1","No"
"0x298ae99da5c3eb71b915723b9de5d6cc302aabad","1","No"
"0x29ade4a7e6ebf34cbd66f67bf66b65f127257faf","1","No"
"0x2a55f4dc951f5c1e56a53b247a061f490a086165","1","No"
"0x2a7c3f9928052dba307a0af1168c9b6deeb572fc","1","No"
"0x2a7d5d6c0e01603a776219e57d61f20f6a06d717","1","No"
"0x2ac03b4828d407619073d3474671b304e975e095","1","No"
"0x2ad8cb44c2f9307099d3d5c7479ce593f4814abf","1","No"
"0x2b5c0e1aa46f507aa70b3c4a3b4b98578acb6776","1","No"
"0x2b6bd53b683afc26b75b9984af18d2935130328e","1","No"
"0x2be322bcdf5ca04cfc7779e0bb920caf2007fcab","1","No"
"0x2be911d0b0da97545c0973b9e61fff0a63d5728f","1","No"
"0x2c449d02ce116c84219d4d8a03d1c246591512c1","1","No"
"0x2c53c178473d23c285ad20a9052453c6370b8f10","1","No"
"0x2c5649a4568e9a4457c0c2ae5726bb430c953d23","1","No"
"0x2c8299a00faea0e42535c9ff5ea4692feca6c6b7","1","No"
"0x2ca11b2147d139b49cedaf6853a056101161e0e7","1","No"
"0x2cb117ce1278d475c5938d7ab64561c1f7d7b1cb","1","No"
"0x2cd1d6d59c85aa1b58912bc87b2defc4f6e969c8","1","No"
"0x2d13c884c4c418664abb1b4a7f491dd89247e42e","1","No"
"0x2d49f81b18f16b54835eb56ef67707a803c099b0","1","No"
"0x2d4aa566097b548e92da6a12f44b4f1f2b372162","1","No"
"0x2d9ba114524fd0cc60a1341495d0cddbecf6d390","1","No"
"0x2da1f523dd2f0c55b5cae28b290473205d3e5f0e","1","No"
"0x2dbb2a145775edf68db6f7a9db091a3807944ef8","1","No"
"0x2dc537a786603df1340db7bca6dba6f3e0ab69c8","1","No"
"0x2dface1873750ea5f3b2294194aee1c77282d0bb","1","No"
"0x2e17b93eab6bc8c96b9403dae6f5c9887d16fd89","1","No"
"0x2e224ce783b61cbb4a1ff95db6e80705f0cb8222","1","No"
"0x2f4309d6f3f90472fb77fa85a94f7606918b91ca","1","No"
"0x2f7afa54127705a7f3a3dd97474a51e421d93846","1","No"
"0x2f92f02c44f2c29797a86bb78355281b77e5f282","1","No"
"0x2fba9df23e1ed6493036a487de7bf82c9063be8e","1","No"
"0x2fc70901164973f28bee446f499ca53bccc78b1d","1","No"
"0x2fd0788e239250c0a153bd3e9681fb3959ee0184","1","No"
"0x2fec2d771952ad3732a75c97133795d0041ccc9b","1","No"
"0x2ff2075efa086453f3687434dd89a89d9510c0e3","1","No"
"0x302e233a9118886b17fa75e3a7e25313d34c41db","1","No"
"0x302f34634895261e3bb3981e6da3452f224087e2","1","No"
"0x308830bb60c407f24787fdd058c04382b8317067","1","No"
"0x30a70f08b7c50447b884c4dce823b24846c817bf","1","No"
"0x30ae13d58313da680654b0d48b911a18c469f457","1","No"
"0x3109be0b1bdbd15efe541192202057737099c7c8","1","No"
"0x3127bc9cbe5b49d9058c091c422901e89ea06e55","1","No"
"0x315eef16b35bffe8a73b5d01a29f704e62bda27f","1","No"
"0x316b3ee3b274a32d88c461b1f90d62cbf05e73be","1","No"
"0x319500927e4a461a27646d666c49509bead47e05","1","No"
"0x31a900f2e32da90484886fa83da07f2bc750044c","1","No"
"0x32463317e8b69487f1a01f4ac2400d373041e5b1","1","No"
"0x325e62e84d7f6c7a76468c64a96f6d375c9fdc8a","1","No"
"0x328809a567b87b6123462c3062e8438bbb75c1c5","1","No"
"0x32a5ded2e15dfcee5be38387268eddcfe1ee4ebd","1","No"
"0x32a9427514cc8d3ef8b772e27306203ab379af0d","1","No"
"0x32bcf889e0e8438f1255e854afcef8bab519e8de","1","No"
"0x32e39591b7bfca0f1dfc139220424335119171a8","1","No"
"0x33397cf3486d5208a4b2aca19c016fdd2800025a","1","No"
"0x335b84127a96fff61262ad876c840eef918c7d01","1","No"
"0x33906fc8ee52d9ce4d250f9d6d082375b0ccefcb","1","No"
"0x33a3ffd50c5805ef071380bdebe76aea8dfe248c","1","No"
"0x33acc09e0faaa257e8a4c706dcaec5ceefac4329","1","No"
"0x33b15f25624af07fdf9edb2c3500eec659289232","1","No"
"0x33b5bef939a8008df63b524233955cac5b307a28","1","No"
"0x33c550e3be58d824e03681626b327a8113dcddaa","1","No"
"0x33d16580b5bd0050630a1d74f723d3c7ea676a21","1","No"
"0x33d3d2cc798fcede8a1b1c71f2cccd42d551aed3","1","No"
"0x33d7daf9da2747c1874ed09aa6075564137a6661","1","No"
"0x33dd73cf923127d50006f00d24e9d020bf58f767","1","No"
"0x33f1867acfd1dfbf6703c61bb15562fe554882f4","1","No"
"0x33fb4a4bec92b78513b3673fa859784a4aeadc33","1","No"
"0x34644e4320b519ce3e6c7844cdecf22eb0598c88","1","No"
"0x346a5a4145d7efa99fdac3cc7334e3640bf5f48c","1","No"
"0x34ff2380ba7822c932453142b16fd87db1cfe4e0","1","No"
"0x35a6ad7c3e3c947c28e07cd8c4e854a5ffecd96f","1","No"
"0x35ef1f021e4795e292864ee82540cc65e32fce93","1","No"
"0x360827ab5d48bcb4ef31a2e1953a7e1d44f0f9ca","1","No"
"0x367a5ed8ce47fa5e998e90883e3c2a1fa54c3308","1","No"
"0x3685456eebddcf53ea77fee2063c9f0796ee945a","1","No"
"0x36974f58be87882d0e8659e9c573ee559a8f8a23","1","No"
"0x36db7e320769bb38e1e2863d084f70cb5bb63fc3","1","No"
"0x37248490dbbdf20db44d169092ccd655b61d9b6b","1","No"
"0x376a111bc6745cac1e33e40b96ed68ebd7676a8f","1","No"
"0x37a06a525a3375b75e702ea5fe652800745cee3e","1","No"
"0x37cfcbc1c31cb38d3c45f273ab0665b9ae1f87d9","1","No"
"0x37ecf1afb781386297e7b0a8465116f32356ac9c","1","No"
"0x37eeb1fceab840ffa96e606b1fdbd8c216cb021d","1","No"
"0x3805c70f8e63706a8dffcb0179132e8b5e97daab","1","No"
"0x382deab6c72e5d2ead7b1918dffce604f7aed92a","1","No"
"0x3852eab5c28a00f75c1e50914872adff438c56ed","1","No"
"0x387a7a6d8351cfef6c1a528394a1279ccd19ce98","1","No"
"0x38b0fdb06df32cfb38dbd27d2686a89d51076d6c","1","No"
"0x38c2c3b580fa0bdec4c05a187d371394b816dc87","1","No"
"0x38ea136c2c83dcfb11c815d51d98b703344972d0","1","No"
"0x38f461f19434433168f31a2c62e32bce71638559","1","No"
"0x38f98eaea22a55839ef825fdb90800629c90d1a2","1","No"
"0x391f860a7df26937e6d3b85cfde95dec471eaf9b","1","No"
"0x395be6c099977a0b6dc52967b93579d32328db0a","1","No"
"0x39c438113d1fc41c3c26fe35c608ec115e1a6251","1","No"
"0x39ca275dccbeb0117d7595f5d6d382d9c046a2fa","1","No"
"0x39e42facbb40c75f77a23a353ae225dfc0697497","1","No"
"0x39eb76bbe37f20b8a38a4b58a81443e7489c4f4a","1","No"
"0x3a1afe88c5b1a9323d0dc59371e0040dcbb82b0c","1","No"
"0x3a23f459a07404a91e79a942f0854de53f51afc1","1","No"
"0x3a2e9e405306d241dd01625277b3ac5f22c56960","1","No"
"0x3a3104a410e975fc1a32cb0be23445c9cde24c21","1","No"
"0x3a61d4ca414478690f42b76e2dc868343fd01ff7","1","No"
"0x3a699053c46365ac331e0909507dfa261e7c5bee","1","No"
"0x3a6aef6a6426357dacf1aeb42431543771da88b9","1","No"
"0x3a7ea83cd527a5f04fecdae8e29c217e21b81b2f","1","No"
"0x3a9abdf708549f7ef39336debabe9ccae19786b3","1","No"
"0x3aee41565f9d3f00caf60d0bd96bff4612eed9ca","1","No"
"0x3b100a2b4b4b8f83275e98ffbf2f47a2dc47460a","1","No"
"0x3b1056f26551b1b6d4a9a3cbba2e2284c26bccf0","1","No"
"0x3b3ada35d5ac4cabf69efbca69c61fa8d9244f7b","1","No"
"0x3b3d4c951b39540c06d1f64c74d8b970d645c35e","1","No"
"0x3b512d5e15ed08c8e010b0865c1e0b589c263c22","1","No"
"0x3b6defa3960108afc34cda271c60f34b02f88660","1","No"
"0x3bbf2fce35cadfc85c85ad893a64e5bd95d0079e","1","No"
"0x3be375a220bba446ee03efed6b4b7a5b8ab2d73b","1","No"
"0x3c307505f39058ff84f33ffc4f7fe59e959e04ff","1","No"
"0x3c446c8a1170fbcaf29199452d53e6a5fd3e94f3","1","No"
"0x3c55ef1eac95e11f3301474fe15d4d1715558c43","1","No"
"0x3c5f4cc8ed2b45f12ecf4827e13df1fe5ebeb5d8","1","No"
"0x3c832da5b702842f4b72b104f941c471ac7e89a7","1","No"
"0x3c8f6d1559d1e2e4f48d51b4bc5fdb5c783a8940","1","No"
"0x3ce99e62034fada50ff4cd4bd2d89de119dcad0f","1","No"
"0x3d7b66368ab0e7196d93f59a51cd3c21cbc0f9e0","1","No"
"0x3dee0a3a7fc4c9ebc236bf65b358d7afc80c136b","1","No"
"0x3dfeb176dd11b73bd8778432cc1e99731793d60a","1","No"
"0x3e08d25fe61ae0baed3ffee35686682292f71113","1","No"
"0x3e89d62d43adf9156c12b25a247a59240813cec0","1","No"
"0x3ed6fd64d3f2efefc96fc691320662a3e23248cd","1","No"
"0x3f07fb4bee98e40803a68cadfb6b33e77f93fccc","1","No"
"0x3f290153a988bf2a03dbe57c7952ffabf1fdb4dd","1","No"
"0x3f59fdb338fa0157e2328470a113ec8f38e13797","1","No"
"0x3f6546e6a21d61b7d2736731ffc906f852d41629","1","No"
"0x3f669f58d6fe412a2b4079906b39291b97e18a5a","1","No"
"0x3fb50b14058bb5bffbf871ee973f7ccdde7ff426","1","No"
"0x3ff7ddfdc51f7a2d2833c7f594b1fd9bb4ec7ef5","1","No"
"0x402e91e07bc4181c7f07eff1914b442da6715fc6","1","No"
"0x4123ffc81579e38dfff74b75d8bdf21c41e62237","1","No"
"0x41d06a89ca45febfe74a4739b72f8d18f8169dbd","1","No"
"0x4201645a0cfe440b3c70ee48bbf78887e03b1ee2","1","No"
"0x4231545f9cec86d3eb9cd34d9c26d8a22378fb02","1","No"
"0x425479e941fd3262baaf7568a29e019a3f6a4fc0","1","No"
"0x427eab835bd6638ab76d1f87664191248f2aea62","1","No"
"0x428d533f72d7e9e3575031a5240de4e615212ac0","1","No"
"0x428e56dca1b18aee8bf74034f581b8d4a6d3e887","1","No"
"0x42928341b652ee7708f63e8f36acc0956709fa7d","1","No"
"0x42b633063e37b7a9605910f9d46a55449393c80d","1","No"
"0x430cf6c9e6f8becb22c9b611526953453af32a7d","1","No"
"0x4333ddcd68d64059342ff11ead841f744ce5f14f","1","No"
"0x4391004910bcf11246efda0c7e12ec7a1901f00f","1","No"
"0x43a667570716bcc79159f2e034c3c0d3a0c23d48","1","No"
"0x43e00c412a73b31d8f766023853ad3a810761154","1","No"
"0x43e25518f8e8403c8e477f22c16653d28d528df9","1","No"
"0x43f42c14080ee4d2dbe35c61b3e91c89a3fbf2de","1","No"
"0x43f576da61c81aba7a3ad5e199e22df77a4c0be0","1","No"
"0x443296e8fc78cd65450bf3b7b674bfc70bda9596","1","No"
"0x443aaaa3986b4fc98ea7597504296e4d56917624","1","No"
"0x447f2e9502ac3c6c62b4fff10d377cb35e5226ff","1","No"
"0x44e17c9ce0cb55449c533dff4b77a3e83546205d","1","No"
"0x44ec6e9b3aec88458a0e9ead1362ce72ca0f727b","1","No"
"0x45255bc3c6612676c86befebd7bad1eb3c79539b","1","No"
"0x452c07aa689422ace39c3567c8bda33a988a2b90","1","No"
"0x455cf3848c0352aa519008ea693f6efe84827de4","1","No"
"0x458d4121ed447e38ba15f70fdc188b2d83aff8ac","1","No"
"0x45a3ca69936e16ef627491cde17ff81f47d2245a","1","No"
"0x45ab38b78332e9f4c6e57819fda32fdc3ee40b65","1","No"
"0x45cbb9c64f211ad2788443c53ca1665bc4605230","1","No"
"0x45d5168672000864b0981a9c3e5f1cb1cb4539e8","1","No"
"0x45d83a48d2bc2ea32fbc12de134bb05f42eb4b08","1","No"
"0x460635d1edaf3d25b419e3c4aace5c296e4ec02f","1","No"
"0x4629e8bdafb6833ad67b03cf98e608f23e9250c4","1","No"
"0x462b92304d5f273a70f1b0e2f7492d315f87c376","1","No"
"0x463f1a5a1ceeb1ee4480774a880cdeb0e690bba2","1","No"
"0x465eedef54b46cb9226b57f0353e1b50c3e22a20","1","No"
"0x466dcf9496849591edb1710fe806606a033d64a9","1","No"
"0x46afd80aa70a856b588fb197e2e99175e52353d5","1","No"
"0x46b76fb078fefaacd26ec09594a53a05cb2b0f96","1","No"
"0x46cf0cb7f3546b33128d38abbe521b6d184262b4","1","No"
"0x46e6e0214423e8453b751681df38597cde89fb68","1","No"
"0x46fbaf5ab4572ca79ada3aeceb70e8b0a5d454bc","1","No"
"0x477d7e84de6b16551481217b3d177a3bbdb5828c","1","No"
"0x47d65ffc85f4812dd5ec75fff2eccb8e4623dea7","1","No"
"0x47eddbad78bc4a458fbc51aae550acc1292781ed","1","No"
"0x47f1fac2eff9f24eefd69bedaec40ddd7f0e6dfb","1","No"
"0x4819ee8d1b98bf3136121568ac6158c12e06e448","1","No"
"0x4845703237a5f02afa310b81cf7273224a5239ca","1","No"
"0x489d69939b4aca357f630055e351a81f1fbb7fb6","1","No"
"0x48a8405d82e43b8a5b85d191d87f25d60b2a563a","1","No"
"0x48b44939088c38f06cdc856c0b968729897e4913","1","No"
"0x48b5d04a5d65a1f4e9ce70644af0d0d9e1cc41bf","1","No"
"0x48dbf5de14e793324253e4722d20d915b620734a","1","No"
"0x48e2686c40029382f70bc13c7a9ea64ed4f1fe7b","1","No"
"0x491c98def3e16b0a74a3f87406ebd0d2b642c705","1","No"
"0x49605f9ac67fb01ccf96c2fbc1eb7018e1833d4c","1","No"
"0x49663d0dabbd4cfdd120148a5622dcd4b537245f","1","No"
"0x496cbb28ad6d995a54e155f1112d9e431eed692f","1","No"
"0x496ece1deb0ec6e0461af223641b1c52cdf5c6c8","1","No"
"0x4987cf4bcd5ee6df5389f164525e9c967a9afeff","1","No"
"0x4989c11acba006ac0af44db6b5f71e94f4d26582","1","No"
"0x498b7b7ddb5e057e5d055c4e59f839dbd6e26ff4","1","No"
"0x498c46410522ccd24faad46ae4bf6f367c315af7","1","No"
"0x4a34a371d650194af7961fbf32bbc7b4bf878a1f","1","No"
"0x4a5e69e47efecb1ae9b780440b12800501bf4e85","1","No"
"0x4a696f000b3c5f0e1711c60b8e7b734fdc871dbf","1","No"
"0x4a72689ffcd776023277e3ee58e7018426889efb","1","No"
"0x4a778b5da1688e497b848683fbea85d8a073c67e","1","No"
"0x4a7bf4d816e04c5dbf97656d0abadf505c47bb83","1","No"
"0x4a912e30309afb3e16d4d5336b3a14217430833b","1","No"
"0x4ac264ea867f12f3e1b2c8c7e1f5cbc259af5223","1","No"
"0x4b364ace475f608649af4cb6654201f75f11ecd7","1","No"
"0x4b4b1d432b0fe7c617b10b82c8009563464ec4d6","1","No"
"0x4b632a9b809419caf0cf7718982dafc62dafacdb","1","No"
"0x4b858696a26046339bef04778d8c6b17beaa0d56","1","No"
"0x4ba8716495a003d12ef360a1992a8063eb4dd5e0","1","No"
"0x4bca8cc9e898b7af9bf250dc6f418d7c1b564005","1","No"
"0x4becef80ac1c003a50f117caf1c4344d3bd278e6","1","No"
"0x4bfcd2887e7ad7cee0e48fad155fda218271d114","1","No"
"0x4c005bc13e9eafbfd330786da5a4a72578f70078","1","No"
"0x4c5e78d49c6543ff15eb58b6ebf3961c42b89161","1","No"
"0x4c654f746b6c24c507e14bddc964281522523d0a","1","No"
"0x4c865ad3f9e0dfcf6d9eb95a309d95aa412fbd71","1","No"
"0x4c8d8c2d7f24824a114baf7efb0f66edc9fe4c81","1","No"
"0x4c9cdc146c032ea64ffe713705c71e282d356bde","1","No"
"0x4cac6f486b33696232c80de4d82e4f9ebff3157f","1","No"
"0x4df394a079976940a91762563b29058f2b2aabc0","1","No"
"0x4e07f7a88b1c1e7e0a3d7070fbf27f898a5aaa7e","1","No"
"0x4e3b692490df762dcc9046a6ce0b38394a594c0a","1","No"
"0x4e52ff56e677a0bccc99f1afb33188f4bbc73bf8","1","No"
"0x4e7b04b751c8c23349de2cdb628f2a4a296aaba8","1","No"
"0x4e9595449ee27c57b9e7186b966fb55437d8ebfe","1","No"
"0x4eb33401f6adf72089f42ec0ad08682661dc96f0","1","No"
"0x4f266f295bad85436ecea51e0ae2afe82b11553b","1","No"
"0x4f5068c1fc3eb7480f79eb9aa42d321289245969","1","No"
"0x4f67f52147c6bc03563772fa3d7af3adffb92110","1","No"
"0x4fffe1f377999580d589617e160714215fd99650","1","No"
"0x500b5302772dff8d4714b4fac40640e011fa5681","1","No"
"0x504ef98f2ca1a54e7a6955684ef25eed56377cb7","1","No"
"0x506b395d1b2d9073cdaac7b4c49950ebcec89412","1","No"
"0x5074c8896db2890042fbfab7517c5a0cb728e49d","1","No"
"0x50cd46a640215b0e20b3d75e92a0c49e88565cb5","1","No"
"0x50e85ea7d16ea50bbd8d743219c4ca97c147a6d4","1","No"
"0x517a9e99327b3d40800a5244035723c35ae523a1","1","No"
"0x51a10f79a52a2d0584fb38565dedd53d7a30f203","1","No"
"0x51bfb1263d36ce0794e346c2da4d056675f78c19","1","No"
"0x51ca2c18f43aada4adae6c32ae3728e5e524aba8","1","No"
"0x51df1f9c8ef1e93192d1e013aeb5536c55d18e8c","1","No"
"0x5204d10461273231af5f7792bb0f585eee6c844a","1","No"
"0x521194d247e2dc2298bb0d5609e409d6baa10eb5","1","No"
"0x521786e49bdb3fbaae94f71f0aa292475cf112bf","1","No"
"0x52e009ab90746ceb532091ad425791c31d5cea76","1","No"
"0x531bba95778dde94275311dafd979147767b94a7","1","No"
"0x5321b216073223e7a6f34e6b1137b34b58ef0ce0","1","No"
"0x53322095aec4125cf95390841441aa2d4ffe7fea","1","No"
"0x53e6a5f63cd19431af000e657891f29aff647176","1","No"
"0x53f92c45438ce44905e01e71bb2ad15f666fa815","1","No"
"0x53fb356a56a944929817ff159100b6505fec42c6","1","No"
"0x53fe3f06e3a85cd6a619adcc979a5efbd5e294c6","1","No"
"0x540a2a1ebefb87e23849f4ad298b30a6f4ea8002","1","No"
"0x544a72b4ab025ca2d5927dda3be1bf4bd6cecc72","1","No"
"0x5483f4bc54398912d109030332fa19adab3e1f29","1","No"
"0x549ecfdaf180de71e1144fa8803ef5d6fa119b12","1","No"
"0x54ba19010bdd4a9df5e956b1465591f07efa65d8","1","No"
"0x54e5e0dd6a8fbf5bff95e4e57cf710a30f659a5d","1","No"
"0x55324ab566f52af2805d16860a303a2c5fe4ff55","1","No"
"0x555c707099319ddf033319dda2647ed074851639","1","No"
"0x55687210521c755400fc72bb53fb015820664631","1","No"
"0x55753247a50b43b029587d8d61e6263d2316761a","1","No"
"0x559dad9bfffd25d4cb9dc112ef6dc615b73ce102","1","No"
"0x55b7eca4cab03fdfe3fd3bdfd9ae2ef72e2ef46b","1","No"
"0x55cac81aac46dca73752d8f735d9072da327417a","1","No"
"0x55d3255496f32841f555170e7b882c10a47c3c1d","1","No"
"0x55ed2d86eccf7283df92e2560ed23051dcccfcff","1","No"
"0x55f1a0c8bb96387f84d02c78d196b9d122576699","1","No"
"0x55f29ff977705d45c4632e3a345e727175e2c49b","1","No"
"0x560fe8fbb57925f7c69dcd861f68d0a0eafa2838","1","No"
"0x562c877bfda524f327edc118919f0e229641cdb9","1","No"
"0x5652d122f87effd8e7b3ae6d2e4f0116411ae092","1","No"
"0x5666d3ca191ebf120224474b7548c2ea4f9cbb6f","1","No"
"0x568332a7c5f8d0d5a62a3ed1b64b9ad28656d5f9","1","No"
"0x568c3069586b1ab4cc5bb4f617bf1b7926642f33","1","No"
"0x56aac403e790bfe4557c8aa2aa06e241b1bfbf10","1","No"
"0x56ba69d37929346ef2b8a5aaa210a468f2b281c8","1","No"
"0x57178e929cf215e693533211f034e71c756af3bd","1","No"
"0x574d0bb76a6beee94afb3038c9fcf9d16dcc9896","1","No"
"0x57d7ca8bf8c15ecc1b8560da9d215896e0649777","1","No"
"0x57de3dcb8402f6928ee9d96d4dc384e40580fffd","1","No"
"0x57e9685e6a8414042918e8428bfba9bf0b8b2c3b","1","No"
"0x58459c490c1ce49890a8e1f6f7085d68420a2513","1","No"
"0x5846f7937b0bc6b7cdec1341c68cf14407253e8d","1","No"
"0x58506daa31955e2436582cb0bb13d720aad6d986","1","No"
"0x58bed0223918d2745f1ff288d41693cd694ce942","1","No"
"0x58c15bb62eead7be93982197bf896b13283e2884","1","No"
"0x58ca198d80c7cb9d1a4c73c40b1370c1275fd948","1","No"
"0x58d06b5041bece25672d7c6c0eb73fcd9985d446","1","No"
"0x58de29d75a92da20b79b59e6a0039f6eb5749f70","1","No"
"0x58f49739550f95deab7fef8a1f20cee46e50ed74","1","No"
"0x5902385d185ab3a38f2a0ca9b244979124962793","1","No"
"0x594c41461985279c9eca1100423adaa4fdd5a595","1","No"
"0x595ea21e11726a2a3044dfbc8c859e55d0e4f3c2","1","No"
"0x59662775559eb85fd7431ba9dbdfe37051ef9686","1","No"
"0x5968b36267f86a259af2ed96ca75a89acb408f42","1","No"
"0x59ec7e0e12cac201faeb4dc7436ac88e451859c1","1","No"
"0x59f31b6132ecad6332efcd50e787bcedee7dc67a","1","No"
"0x5a0bd677264f28d99a7bea39e5c55d49e7480414","1","No"
"0x5a3087a460c70be0860e45138e0c7a0d46288595","1","No"
"0x5a32b12e3a57ffc10c4f85af806a4e399e11a863","1","No"
"0x5a4e299b7a53e3601f2c652f9a4b5bef287622bd","1","No"
"0x5aa58bbde56aa25d5db3ae034632db83579ac7d9","1","No"
"0x5ad555f526c35c844171a74ea65280d154a2d23d","1","No"
"0x5aed89e4d58c90d420d8234ac91cc1f833130c87","1","No"
"0x5aefd1b7ae78650023eca2e21a993d362577e788","1","No"
"0x5af84f1318241b4224ecfc9e6d4e97a3118cd38f","1","No"
"0x5b347cbd34e8195e8b7b0fc3eccfa05cb2e44b76","1","No"
"0x5b36189e10cb0f74b7ba50775e252231b9df2ed7","1","No"
"0x5b4b4dc735fbd99f6ed443b730865653b6fde184","1","No"
"0x5b5b05b6f02a6efe1f320066f058ab65201baf16","1","No"
"0x5b865be5ac09c6149f027eed5a6cd258a8d998fd","1","No"
"0x5b900badbeff6fa4691752814807121e53058361","1","No"
"0x5ba87bd300663c530f31e1341d09a8b992b89b22","1","No"
"0x5bc35bb4ac46e67cb71e5364f5554d3ebd8397cb","1","No"
"0x5bf234092b403091a1e8948d8f20983e3591250a","1","No"
"0x5c0ced7cbcec12b4749ed13fbc147a1984d38001","1","No"
"0x5c30fc6d0ac398ecea7d20531a4b7708e929dc99","1","No"
"0x5c400cc456c5a63d78aec5f65c8127fff8158d85","1","No"
"0x5c45f2ed62b0e56a43251d9f128b0d55ac102bc4","1","No"
"0x5c525f326bf41bd21c173199f91244590bc1c990","1","No"
"0x5ca584ee16b66d2ea679816458f87dfd22ee522d","1","No"
"0x5caf6dc1c062d7916746e17ddeee41aaccd6fdde","1","No"
"0x5d59e145f6f0bf51151083f44ef60f691391f1cd","1","No"
"0x5db503586c7cc46f7221271b55448c1e4fc444ec","1","No"
"0x5ddd0f1410b22ca0ad7a1a73d03b9632aab7dd33","1","No"
"0x5e15a2a0daf0639f320805ea4f3c149e54e4236a","1","No"
"0x5e2c777f5102a7364f210134b78a91865339c888","1","No"
"0x5e42b62599119fed466b0c41e2ae14be127c3359","1","No"
"0x5e5ca521193bd24fb3124a419a3dca6d780f7a3e","1","No"
"0x5e897cea2598ff3b8714001372517a580230dbcb","1","No"
"0x5ea92f71183996169584e9ac34111a1b81160186","1","No"
"0x5ecfd5693cd9352b507c484fa34f6b1249b6df37","1","No"
"0x5f33717a44983a484a70d43232cfec77629dcb54","1","No"
"0x5f417d6224f6edb5aea06fe836a8a4fb3bd5937c","1","No"
"0x5f531b24846bb890c6864f5acdf35ff206e03eaf","1","No"
"0x5fcf58e2fc0f0388e48a92d1b34d06b8bcb00617","1","No"
"0x5fd869aa5ec2d99c0bac27328c36b9a376dfbee2","1","No"
"0x5fdd3c51c4cd26fcb4cfc4b896b7dc3e8975a0b5","1","No"
"0x5ff17a4fec7fc95f8c6751b62b1fc0321ebdf374","1","No"
"0x5ff66fed5be39de7b03504614bd7d2d380507051","1","No"
"0x600d0c625519e074b56de1b43cdab20dea922f17","1","No"
"0x6010ff3f5db9770ae756b8355e43a649c4540ce8","1","No"
"0x60485b99568df4a35664533b14be4d2afc16f03e","1","No"
"0x604bd174983f9a25912bb61f2ffd92f9bf589586","1","No"
"0x605c7e6cfb70bbc75f1cd120cc7fb977250ed749","1","No"
"0x60ce4b14dbb4e7abc6c05ea699dbc4dfb0281fd8","1","No"
"0x60f67832fdad6c860c92893aa5924052e40d94a6","1","No"
"0x6112ccd35667a9067f51c30880964346b9d3af1c","1","No"
"0x61487385c28b43af98cb856ac4516781615511aa","1","No"
"0x614a0c73d5f340ae62fdf4730f23159c5692bef8","1","No"
"0x614d073f68e0f834dcac28f295d401b764a8bcaa","1","No"
"0x615337f238d64b46a5da84fab2512992014730bd","1","No"
"0x615de9940e5a7c2221f6d02411524d62ff1df36e","1","No"
"0x6181f25d52947ca40b0bf24d4fdb20c6e75afd99","1","No"
"0x61845e7867dcfd70f2194c6fee439060f6d2e004","1","No"
"0x61c8df0e63d4d8b0a194dedb467a3bd8e45b939a","1","No"
"0x61d12d6d04940988582d68e7767abdcf8367d869","1","No"
"0x620f02677b9e3bed77c7dc8d8b582faa48189443","1","No"
"0x62548d06ceaaf850798a909e5fd8b4459e5704b0","1","No"
"0x6278e4fe0e4670eac88014d6326f079b4d02d73c","1","No"
"0x62d9b3bd9e8cc2c4d53a7ff3272d054339da4cd2","1","No"
"0x62e2ebc5fb95184dffcc41878f183f7f03f53ac8","1","No"
"0x62f8fa6f79e296ad399332649d2b8e61b28bb76c","1","No"
"0x6329238cf75d420b0a1f82d8b6a64c1ded52aeb8","1","No"
"0x632b0a579a3e1d8481dd25f23a9db44ae501ccd6","1","No"
"0x6366bbecae5062f4d3963f83bd859e509b64df92","1","No"
"0x63703956af90a69f05b06e0e4b8026cf74e468bf","1","No"
"0x6399ffce87be7d728b52338617d0b8aa104dba57","1","No"
"0x639ad2b6e3fa739bf365f02e6e4aae1cb5971056","1","No"
"0x63a5b75d848e38ba957c2e46b0057e0c74689db6","1","No"
"0x63dae83f3ca2a69df97ed193049b01890de499c6","1","No"
"0x64054ab9a4ec96aba4d8cdd75c4723a62b389feb","1","No"
"0x642c4a32f2a8beba8eae62ea0e5532581f7b0167","1","No"
"0x643b2c9e7134ca2aa2d021b03472d842cd925f28","1","No"
"0x64ab53bbf746be44bed9462c81f75c3a39a645ea","1","No"
"0x64c87badbb81c44d1c51b4cce109444dd4bb1698","1","No"
"0x64db5734b7647348ae588efb0bd23a0e22b6034a","1","No"
"0x6503462bd9133be6eb924ab24567175c5509a7e7","1","No"
"0x6521617a5ce24715505aef9d93d11d96853c1579","1","No"
"0x65a9e5fb2611b59f10e55fe09a1cc82840a383e0","1","No"
"0x65fe89a480bdb998f4116daf2a9360632554092c","1","No"
"0x663fc047b2750029f02c5aecc12ce5b756eead0a","1","No"
"0x672800593e3ee24929585db10ce90b5b3f97d483","1","No"
"0x6746a8efdc6b503e0cfef757288ff41fbd034070","1","No"
"0x676615b4197360a3c7dc713ae584441d4331c4c4","1","No"
"0x67a74711620d2a695b1f1b8f80413a677dd66f09","1","No"
"0x67d693dee156cf89ee524b961cf19e4c023936e3","1","No"
"0x67f3961d25922673a74f70f7f1a39485e84d9d8e","1","No"
"0x67f89b29971eb7f8c9bdde5a4ec052e9be91a1bd","1","No"
"0x685aafe977e2cdf9cf8b8c19acf4f58ca0a0b859","1","No"
"0x6868ecc8e2676f5a78fca1de12447d4d430cd243","1","No"
"0x692095abf93c614733c9313844ce29572abb2fce","1","No"
"0x6967101cc3ee959d55db4d844e710f18bddade77","1","No"
"0x697261f9049aaab5c6b49dfc3f41a627699071e3","1","No"
"0x697d9005699cd198cc5e0af1a01eaa346970137b","1","No"
"0x69968daf6b1de8d8d181447f7a5834fdbbea18ca","1","No"
"0x69ac9f58df88c66f147f50a5a56591220dec6e45","1","No"
"0x69b7cab7ffa61eff2148d9cb67ba36db2badb0b1","1","No"
"0x69c0b4fa3de3d8e9346051b656802717431f4828","1","No"
"0x69f99c6b62e987598dd554e9507fcd01235a63bf","1","No"
"0x69fa3383c10376ef82039955580bb1d84aa890d2","1","No"
"0x6a484cf6697ddfa14137538ceafea17d3480d30e","1","No"
"0x6a69ab362d360555a1f29ffcdaba9cb4f31b6c5f","1","No"
"0x6ac7d8fa366fafa692512d4a8287b32f27ce3c89","1","No"
"0x6adaa4154092fb118eb73931f82512c8b75c9259","1","No"
"0x6ae1cbefe9ead67c7ecba3c24c7df76e632200fd","1","No"
"0x6afc6d455fc38f93e903fb80a86295efc042bbd5","1","No"
"0x6bcdfcb79acaada2d84ffd3966217c2c4a88f38a","1","No"
"0x6c04eac93b8cc16d42967e3cce36906f9eabf32c","1","No"
"0x6c13c75949b1eaf817aaad63ac329ff45358145e","1","No"
"0x6c18abc1731f25d8ec8bb588946c818a09390fb5","1","No"
"0x6c1b5886180d1c8c3db5df97f61b06e67605da0d","1","No"
"0x6c387bb621b1749004640d2913f5fb10c4e97dea","1","No"
"0x6c3e80df594d5678fd7186218fac7fbfa10f8138","1","No"
"0x6c64472365e065f5dbd3d5cb8a0800bef14a63a4","1","No"
"0x6cb35d0ca0018b8641a6cf74ea3848e1eff6eb7f","1","No"
"0x6cd57daddb9f7547af0a7667265967ffb4b7b20d","1","No"
"0x6d03b12926df043404a04434e530417c80211d8c","1","No"
"0x6d19faafd8afcf8976828de631a421c8c1595402","1","No"
"0x6d6695bf127c63d12c1c379aa77594c464202a6d","1","No"
"0x6d78be8988cdd533fe98640c912027161e97291f","1","No"
"0x6d7b273efb1a8a1146338c566f7983968f5a41ab","1","No"
"0x6da4f71b711f5ad79966be9360ee1dfd2289939a","1","No"
"0x6dbd8e7fc9ac05638d16dad9061b2a5fd3d52add","1","No"
"0x6dcfe5da24eff05bf245a864e65008f08940774e","1","No"
"0x6dd2b9ad8013b306ece5a24ca7a7bb822490a540","1","No"
"0x6df6752b8118946bf7e41e66cb4f6d1cb5917ac4","1","No"
"0x6e04399f14acc7c545a30789a48ee4420f8e1dc3","1","No"
"0x6e2632f434dcebf7861d6781e6e5f7ee73cebda5","1","No"
"0x6e4eddb675d28585494434fa86497ae9bf6c935f","1","No"
"0x6e615b429ee64364f030b2f7bd6f4f958489f084","1","No"
"0x6ed988eaaf31646bbe2e11b7024950fe955cb4fb","1","No"
"0x6ee90bb84c052847fbd2c7240b07f8268788e02a","1","No"
"0x6f01f4300925f95dbaee27ecdc81dcc8182d5bda","1","No"
"0x6f15b163ebc4f0ac39ca0bd11cfedd172084a1f4","1","No"
"0x6f4379d579a70c2a6439cbdb6249d009198c50f7","1","No"
"0x6f51edeb7878b177dc523ff1917e6988e4281946","1","No"
"0x6f88227bb6bf76190da8d2b3ff0e7d7b528abda3","1","No"
"0x6fe8f91011188bd3a57f63a2fbef1c378fc0166a","1","No"
"0x6fef5adfdccc3706c47e81dc59feee86d43d90ff","1","No"
"0x70023886487c8023e9f9900fb2f51f8382eea6f2","1","No"
"0x700706045f65589f2bb9867c93e00493835bcd0a","1","No"
"0x700fa0b05cd310d4e2ad6df00edeb45ddacf48e1","1","No"
"0x7059e7853510b1fcf402058614fa0e7cb8219833","1","No"
"0x705d5e59f09932ea10033df5de6563b6567dcbf1","1","No"
"0x7080a932fc771a071ac038277f59238ff246c269","1","No"
"0x7095d3ccf10fa52325006585226e4383268a8fab","1","No"
"0x70b71b98c8b95643462c68e0a396d0a6d15337bf","1","No"
"0x70cf7d3eb22c02f76e3f286c8d46c5a940ac8c96","1","No"
"0x713cd60668bcd6c7974b72e648c7276a2d72b54a","1","No"
"0x7173ee579e670ecd5c2bc2b521e802c4d3860948","1","No"
"0x720b51319317977edb05a242d8ee266c844e538a","1","No"
"0x72724e620586e440253cb8579a0b28ef9487b039","1","No"
"0x7292bfc6f736bdeee89ae5f1aedf01a8cbc9a7cf","1","No"
"0x729ba11b1639d5ca4999668500a5f697a29acd83","1","No"
"0x72a90218d2513c94f85d103490b45e3816431cac","1","No"
"0x72b050fa3f27845cddebd5b75c3ea0af1e5adece","1","No"
"0x72cc173f97166456cbec1bc1e350c6ff44991f05","1","No"
"0x72f1a800f7e9575cdb80ec2afb99f7a39f55d76e","1","No"
"0x7302cffc01c48c101f420ce370e3adc217df9b90","1","No"
"0x7363adf97a36ac545af4aaf21f11415891cb3c18","1","No"
"0x73645b130fc766d5542a47c8854ff80a75dcb58b","1","No"
"0x73827d077de63a951c7e9dc1df186e0ef325ce50","1","No"
"0x7383f0f6509fc14135ad8a3800e631edda942b74","1","No"
"0x741ec21ff7888e6c5591b6a5545811ac2b736d62","1","No"
"0x7461e0b29922c30389fe58815406d8c591ddb6c1","1","No"
"0x74b1f745ec068aba1300d81bc83f5d180f54c775","1","No"
"0x74c4c6355e86939173aa8941cdd8a420dc6b953e","1","No"
"0x74f768ec911f7cea86da36c59085fcdcf78ea8d8","1","No"
"0x75284874947d2425cf3a1420c3316ba31c87ebef","1","No"
"0x754a5e3041c35b76e1e4544636b404f216e59469","1","No"
"0x75be7d6c98db1dcccb2993b5c01db78bc74d9317","1","No"
"0x75e47442356a8b909bc5392c6055557d7f99f885","1","No"
"0x761b5542a09dccaacd2894f31d0b6fbc4e803904","1","No"
"0x762229e03ac76d5df17447eef0c3e5caf60d9709","1","No"
"0x7646e53fdda245034164f3be453fa3c2add4c3ca","1","No"
"0x764abe778aa96cd04972444a8e1db83df13f7e66","1","No"
"0x7662d085af644a6f2ad0ff30d80df7c5515fd600","1","No"
"0x76cc86caafe47a8f9cfd4545afbfb0c3e29a92ca","1","No"
"0x76d07a1d1a8dc61366186f6684b97746aa1d227a","1","No"
"0x76efdef0c391b47078b30b486cdccec144e5abd0","1","No"
"0x77abdcdf9be9ce8371c1ea5ba419552fecb89c67","1","No"
"0x77ade0058d5760710f4010c653e364d01a3c2a97","1","No"
"0x77f3ef46cf4c5951107f3cb20a0f420fd6bed0d4","1","No"
"0x78479f2db454e619c46e547639ac0b12d642cb5d","1","No"
"0x7866353081e225ba59911fa71a1500446a60d742","1","No"
"0x7887b389a0d3ebaad34518d7477c3d2b8fe81675","1","No"
"0x7888ed5c6f056bc01d5475b0ef8a6e6d8eb32959","1","No"
"0x78a33f6d056e56973bb306f44c43b0c506698297","1","No"
"0x78b0e623d3b21e55932857d3f2a6c8e7b2d0d03f","1","No"
"0x78eae730e4e08a784bca5ea7cd880c89ac474dd4","1","No"
"0x78f68f62f6fb7bef3f63d6b548798afd4d5ed946","1","No"
"0x79022d8a4d34f7542f84358a6ef8479951cf395e","1","No"
"0x790260e175776492be772f85509bb5134ee5429c","1","No"
"0x798ba701c980771b41a0083d80cad4541f912262","1","No"
"0x79bd77fccfce56270c48c6bddb8ba7dac01bf875","1","No"
"0x79e1411d2c5898d7f706b35acc5e0b80db32f0b3","1","No"
"0x79f0fc2b86d9ea0daed605a0f5e89e5e5f2c56af","1","No"
"0x79fb16a171e750aa109ab3f2f75c71577877e041","1","No"
"0x7a60e44ad43c78eff40c015d634db2aa95d51d07","1","No"
"0x7a7e2a4ee0131bf52b97a8d5da2daff988af8c85","1","No"
"0x7a9383ee0d26d2bfc10a2b215e336855128c1c02","1","No"
"0x7af12d4365debebabde99afe405e1fda9ba250a6","1","No"
"0x7aff46c63ecaf5a50840ee1f51844c28d50b7688","1","No"
"0x7b042c22a39c651fb6e516928cd5f5179cd9d4db","1","No"
"0x7b04dfb7e162efb2d3c765d6c857810b1f1b0083","1","No"
"0x7b0c8f75d6286a6fa6b956a408648cc4a3347e44","1","No"
"0x7b51c2e049a1af9a9d78345311cbcc54b26b8c67","1","No"
"0x7b85f6ad47c397099557c09c11e087b5f0828f4b","1","No"
"0x7bcea32741f2cb4c1801e894e2a0b16c7ac31e34","1","No"
"0x7bdc2fd9cfd722039fc2a7307b58ec950d388f2f","1","No"
"0x7beac6d09cbac28a4a4bf3fc1998e7006be11424","1","No"
"0x7beeb40a59c1a183f15c7e967417bd1d8a732a3e","1","No"
"0x7bef359a7656c2b3a18c474d61c7939c96a7f537","1","No"
"0x7c0f9f0e8adfdb05e551d97ddf164c4e620369e0","1","No"
"0x7c1f6027cb8a9a9068d48ff6a37fc26b9c958836","1","No"
"0x7c26d4fd23281b2ee77bea3591ec80392fdafec1","1","No"
"0x7c2f5fc3eed1314b99aeb64d8b09094d86d910a1","1","No"
"0x7c377699e00bd4afcd64f6f9f17be46e9f92dfe2","1","No"
"0x7ca5f0d9ae582ac6002a3361fbb5b9b5b246ad21","1","No"
"0x7cb7bb0c6270e4ae66674f2c59f6b9c8a6f686d1","1","No"
"0x7d1ef741c40ddffdd4f19549d42fed9a0193f8ea","1","No"
"0x7d2aa5b4d39424865a14c11794be35a3a95365be","1","No"
"0x7db67941c0ff8c95708ed3c6faf6234865fbc167","1","No"
"0x7dd5bfc2598e6d7cad741ab24dd863906f5f5422","1","No"
"0x7dfae373d290e203e5d2a680b69fb15119c43d56","1","No"
"0x7e53c921d208319068413ed813e1f999b1431d73","1","No"
"0x7e65f617e6dc6f71aedb528a0d5674301d27bb16","1","No"
"0x7e76de236eeee8b818ff20b5a983f8caa0ee0152","1","No"
"0x7e79fe98c88f4ad39f21dddd977547cb99951883","1","No"
"0x7e8c2ecef83e7afaf250e4b43d8e0b044ed7018e","1","No"
"0x7eaa65f4fd906420fceefb1ac73893a6e0f188ac","1","No"
"0x7ed482272e67d8149ce775aaa6ca128da2579552","1","No"
"0x7eee2e011ecd88449393d39cab9dfb618f20d6ac","1","No"
"0x7f163f3fa1f0e0cf1a148b5f46b18227528d36f8","1","No"
"0x7f2049f69eabc4bd865fe8edf21cb8019cc7ec8f","1","No"
"0x7f2d1b9e193d95d97b8fada6d2454eb924cadea3","1","No"
"0x7f5072bb92a1161aecc5544fdadc40a0151c3fde","1","No"
"0x7f736c7c79a41acb9b708f69eb237dd39d83ee36","1","No"
"0x7f7ff8efaa3b130bad319d6f890ee863d86a98d5","1","No"
"0x7f88fbd122bc197372d32907603fdcdef0c350f0","1","No"
"0x7fb1d37a56d0ee03e7504b5493c7d0b476880177","1","No"
"0x800ce1bcf996a8e0f382499e054af48f1cc69c3a","1","No"
"0x8055ab1f813e920f153c49114512da05ddb8604a","1","No"
"0x808c136858c6ef2d6819faa2e0c09548bb03c1f0","1","No"
"0x80a8f11201bc1962d0dfff0a5b9c49b14bb2b7c2","1","No"
"0x80c42d21361ffeaa7c3dee43a206c9782a8234a4","1","No"
"0x81248b2495cc8a387c0b63208a2f6c6de36dc5dd","1","No"
"0x8129c94d2f2b18fa4b63bd0a3b64ede4823374ae","1","No"
"0x813df9e9496063e17357318d69dae274558d13c9","1","No"
"0x818b26218cfd1f7eeb1fa4d0aec5c723c1f5a403","1","No"
"0x81ce1ccc4f9c106fe58fefdd9dac6b3f63fd89b3","1","No"
"0x81fcfe33392414ddb581f71c8c9340dde02f769b","1","No"
"0x820d50161041a34c5ee2f2c27e62814cf871ffcc","1","No"
"0x8214481fce5d88c91950b2b0d84bcf9bbbf2324c","1","No"
"0x823b55889097257cd5f370d929a693ff1ed3e6e6","1","No"
"0x823b6b8da270906f0a231223e46edb5bdea3ff13","1","No"
"0x82473e3c9fc86e43ace393af9461901a37d6fb7f","1","No"
"0x82a7625803d1a302539552223430a11391257376","1","No"
"0x82e31ff5553c4a18c5bd7accfa3a50872eda5efa","1","No"
"0x82fbd222d0cc7f276a21edd365261a85060ec868","1","No"
"0x830b147fc5d53ee028bb0a634a36db3f2ab0347c","1","No"
"0x833e53f585986677c7c2ab135f0af99e53578e03","1","No"
"0x83445ebe771b1c537005b1bfc6765a3dc630969c","1","No"
"0x8391e5120607bcd43fad0da4a8d3d5589f0d2173","1","No"
"0x83b1385d8126ecf64bfb3b4254d67eb9db753bcc","1","No"
"0x83c269784ee6a9c465dafe0b4dc0b7d1d254573c","1","No"
"0x83c5012ce468ce483e52539d06ed9a09b53ab075","1","No"
"0x840c80320476f596a7349ad3a5851f90ff504daa","1","No"
"0x8463b126fdc20630f9849eaa37e185101385fd1c","1","No"
"0x84660c4cfeb7147a2cfdfb75799492ca5d5818a1","1","No"
"0x847c85b8a8b07d6c54cf3aecc92c1e8da17b6efb","1","No"
"0x847d380152fae423ba5b2f69fef51cb04894dbce","1","No"
"0x84a95bb0abff16a43163e3f439304fc836785946","1","No"
"0x84da6ad0d5d36e516eaf9adf718b9e120508534e","1","No"
"0x84ea36443d65521df88f0737edefaccdd3bcb216","1","No"
"0x84f05cb0efc048a8402e7aa9c0594c3b41d24069","1","No"
"0x8505711b34b505a050ec0da39f63d23e219fe8c4","1","No"
"0x85064489b3d9bdf41027d76b76191978c83dbe45","1","No"
"0x854a45738fcdf5d18cd16027554aa83234b8aba4","1","No"
"0x855bdf9150ca93871f8ac2f6acb2e352a0570c33","1","No"
"0x855f3eebdf389643bc435e8acfb91a0f8569fce0","1","No"
"0x85a0b588bb59ee7a8eacf53cabed649fbcd2b24f","1","No"
"0x85d0c1ec8fabade4ef2259aa6b087b91229e0106","1","No"
"0x863236c253298b51cb182c39c36e251956fd24e7","1","No"
"0x864b024ee4c0f0ac2e4f6963caf19c00987b1d07","1","No"
"0x8651805a517f030869329c8625812c5952c3f537","1","No"
"0x86519b36227b7bf2f4a14708b7e284529c01edf9","1","No"
"0x8661dce10e4f5b6148ed4a83c929b4f9babd619e","1","No"
"0x86877b503d920c0ee55de11e3c63116b77ed5c2b","1","No"
"0x86965303b3b3df2d7f81a9f5848d4dcc26254269","1","No"
"0x86d7dad0027c46906f9fc0f7ef2df760aa7ee7b8","1","No"
"0x870e327a47c727ee88bab6caca6129bc2a12d525","1","No"
"0x873581ed8bde42485e01036ee81f54cdd5e5dd90","1","No"
"0x87613237047349640d10fbaa60aa22501d34b9fc","1","No"
"0x876a1267a2870865c973714b7fa6cd3623ca10e2","1","No"
"0x8779c4261dc7b37869b84df7f7711f018655e98a","1","No"
"0x87c582ea5463a87d9e8efed7442cc67d3a46e1ac","1","No"
"0x87c9ad753ea4d918f0b6fb21a555c30746ecc968","1","No"
"0x87d82508a2f0ef34069ad535bd634cf535bb01c6","1","No"
"0x87dab50a3c1e4bf9692704005871616570956ba3","1","No"
"0x87e438aaa9322720fb1884224d0ac7baaf24ddde","1","No"
"0x87e6e62ce206e958e5fe0694a279120a8f931df9","1","No"
"0x87e9bd76850d065775765d37cfa0864dc5936333","1","No"
"0x881d3a8550be17fe47412c529becf1cf0ce8c56a","1","No"
"0x884261b155b884458cb4e2b203c75119cc1e84dc","1","No"
"0x88465cf1855314eff8287ca6a155c6df6f25702c","1","No"
"0x8846fa786499c5672eed7c2af514c7d5d5cb44ce","1","No"
"0x884bb277c0cb83600bcfc3f118cd6c90f09dd88d","1","No"
"0x8868928aac4a7cfc5d25772fd9bcd0dd9a58ed9c","1","No"
"0x8896f2ac1f668d0cdaf6fa097ca36aecc663570d","1","No"
"0x88a27980a0a571543046e9028838985da3514ec0","1","No"
"0x890258a62a77e2a800004e70ebadfc5c69be9af8","1","No"
"0x8908624d5e066d6b15c7153b3f58daece6ba858f","1","No"
"0x892fbf9def2e509eef1c03e7fa19edd9474abf64","1","No"
"0x896af546abc9a262a64b338a017610a234ddfa6d","1","No"
"0x89f156f0a9000ed2735c209f09da08e56c19e6ec","1","No"
"0x8a5f6973a80e881b1add2778f7fc3839ce58a13a","1","No"
"0x8a887b0f0f5dd4b8eb11f29c89dfa47a415e2ddb","1","No"
"0x8ae0a5f6fbed62e648a00902cbe69ab57c4f85c7","1","No"
"0x8b1a34a77feb571e8d8b18df268715d3d14f3fbb","1","No"
"0x8b1aff4d1d4598cdba19181e7efe5a38497e693a","1","No"
"0x8b263f3b174c662a22bd7bdada9c990409a75d32","1","No"
"0x8b265da0779172cd37f1a8dc786b828222902d74","1","No"
"0x8b6253287bc312ad4c7f2b89b407adbe143d22a5","1","No"
"0x8bda08d1d97226ca7a84d32d315489184cc53c03","1","No"
"0x8bfe785e29c9fe7c836906183f8a3d55ce24f72a","1","No"
"0x8c56156764c188eb06a21198dbca305df6eaba8d","1","No"
"0x8c59c5934a5aabea02bab40195584aa59b1043ee","1","No"
"0x8c66afafe39a76129d1d32a81939d64b87917510","1","No"
"0x8c94dd58da4e7c901802891bd419db0cc422a30c","1","No"
"0x8cd07507e413863e648dac95b9cb27cc79a8926a","1","No"
"0x8d175e6de5b6493b8d35720f18351720ac0b1875","1","No"
"0x8d3dde6d27dcab271d09c785baa3a9f43edd3a43","1","No"
"0x8d8b6f88920758e0d19b510aa3774d808734f256","1","No"
"0x8e532d3d0ffa3705175e921f996f44dab724865a","1","No"
"0x8e64844e7c1acf590aaf0ad837beebfac2cbe027","1","No"
"0x8e6e4f7746c1b6225b172bac143eb833e412e023","1","No"
"0x8e8c2b61bfae41945a34c4ee09fcce0ac95a504f","1","No"
"0x8e956879ad89f9a49f0bec958edf10efac5e61dc","1","No"
"0x8ea1726128fe7a3de7f68b152d35276ce14207ad","1","No"
"0x8ecf8d61cfa1a92be7d805f4b9ae32ea3fa3befa","1","No"
"0x8eddc30b12a5cc60d046fc1b1b887eb2c1353a87","1","No"
"0x8edea4138c767d047deff10b9bcdc1e622b94859","1","No"
"0x8ee104182b218fb23b1adab227eb70383c56bfb7","1","No"
"0x8ef4fab26faa68df22fe8ddc7583ecb95884b794","1","No"
"0x8f198ce76c1a1c6ef32f559b44831d4d60af8b5d","1","No"
"0x8f293cd6dbdb0f6f3665b80fea8218618c2ebd67","1","No"
"0x8f304eeade0aa6b81b87c21fb7e7d1d9b65cf585","1","No"
"0x8f5db667276e9d805bf5adb315374f8fa299699e","1","No"
"0x8f6fe6aa229f111ce7daf7ffd4079e27f80a4c65","1","No"
"0x8f8ecf1659e90ef0303f3c086174b6c3c9a4d716","1","No"
"0x8fc060eb14eccb28f6e4c5570a95e676a7470902","1","No"
"0x8fc64408733b87dc25de396ad52aced752626871","1","No"
"0x8fdc63ef0ddae0e775782e943ce7927a0e467941","1","No"
"0x914c93d07a69d5ea85da91faa61f3d12c93fae0f","1","No"
"0x9156f20136360aabc3f940af745aa989c0761017","1","No"
"0x918db61737a84ca8c268f56ac060845a9d32b983","1","No"
"0x91da25139492a3fa9888b3aec6d0f504a7f4889e","1","No"
"0x921f3af23bf6ac7e142fbd7370411f7fb1601b1d","1","No"
"0x9246102d33aa48cd3671cc79e32958b601d59466","1","No"
"0x925a79d2b5c5d68e0bf148980b42ee79084420d5","1","No"
"0x92b5802419e6ffd4017a9368bc4ea44f71b7cd10","1","No"
"0x92c066ea370c5424216bf185b42f8ee96dd5f6de","1","No"
"0x92ef2b78252f86b840a5d283ae4796e20958d461","1","No"
"0x9317f679fbd989f3236702563f63320e3bf140b6","1","No"
"0x935c2ca9370fd722ab5ab09cefd4986deea10046","1","No"
"0x937209a950915b25135f970d7908c19cf255fb39","1","No"
"0x93734a00021ad0ba1feffec8ba8651bbd7028897","1","No"
"0x939ffd3b577750005ab94751170a0f49c1f669bd","1","No"
"0x93af7ef2f60bf0ed8bbad754bc0ab62adcc3673b","1","No"
"0x93f2a2bab3f8d8b641cc403f72f24e27f74fec75","1","No"
"0x9428f00ed44b4da92ac6f271fc4460e1ef57286b","1","No"
"0x94626bddea614f403abcbd83b0f019ccb3b9849c","1","No"
"0x94992c953baecd96efee27396bd3a6f189b2a9ad","1","No"
"0x94b4fba29243ea1755eb41a7cc07ba01bc15b39f","1","No"
"0x94cb80366af9eb5b565cbe4b5d69fe6820ec106c","1","No"
"0x9515dbed882651f6372526fed74d45c9d782fc9c","1","No"
"0x95915c37b5fdc74c7d84acb222e2221d23d8ab2d","1","No"
"0x95ab5e8becaec8efe50895a0d33af620729980f9","1","No"
"0x95b5bdab28bd49837542aa131d38b4dd29de3d28","1","No"
"0x963c12768cc064138768f458b5ccc4f6146c1c1f","1","No"
"0x965614d0a85c884ca411d1dcdc16db61ebbc5db2","1","No"
"0x9663e375c69c77f6d16eac8750bc3c81868b4113","1","No"
"0x9673ac8dfa66238243d6d528c416376ef2957102","1","No"
"0x971fa10413f3f424eb64f1b49982286477f6f4b3","1","No"
"0x97562bb8dcfa987d39dfc7fe577a8ccafb041c85","1","No"
"0x9763b5bac1555bc4a3f069cfb0cffd06fd4272c6","1","No"
"0x97804bcad90cbb276a4b628d47e6d21bb4a190c7","1","No"
"0x97e8d1e827adb6814416c397cd4819076affb2c3","1","No"
"0x9837203c20d15989a3c4852e5d07e1a7a98cfe14","1","No"
"0x983bba7b502dabd1405a2ee1f8cf367efe89bb01","1","No"
"0x9900e3c26b55a71b0cd8bfb9c8bc5a4c119757fc","1","No"
"0x9901d56fb10977deed32d23134d5a6db67a03683","1","No"
"0x99038bb60d8d812f8ac47d3bc3ae6ff0dfd3e68b","1","No"
"0x99a011953136052dbd0a923fcb545fe022f6cbee","1","No"
"0x99a4cb5adb1fd0ba59469e7fd27c5a7b5c7f2117","1","No"
"0x99e3afb8db93ce7aa106c6ec1c326c509238fdce","1","No"
"0x9a0123f6705b8a62e704fd518543271097380b3b","1","No"
"0x9a1ee67e454bb963183884e7e2872fc0016613d3","1","No"
"0x9a5400687af91259585e88b97311270043a31b96","1","No"
"0x9a593a0e3372e16b19521c176889472919c3c78c","1","No"
"0x9a6f88750ce21f7c0768f5f30c47ce59a8f35462","1","No"
"0x9ae06fb83e2e66e5ebaca20b458809efb8c4c06c","1","No"
"0x9b43826a70578444bc82ffd2886f8a9a4615eeeb","1","No"
"0x9b4937ddaee4c1b3fc3774d65597ec0e568ecb34","1","No"
"0x9b549a8211fb8cb3100f60d1aa277aec531f5aef","1","No"
"0x9b615270e7071a01dcae1f6eea6598a319be8466","1","No"
"0x9b64e580c1a99e32c40429b303dc87d21f625bae","1","No"
"0x9bcdb1e501625a755a32a84db359eb5ef22e0bd3","1","No"
"0x9becfa9c3334b24e120ab4da7346b4a12d11a939","1","No"
"0x9bf2df3e97a2a181221424ddc14b18400e94f776","1","No"
"0x9c36103e1713f2a91379c052ebb043ae6c4be914","1","No"
"0x9c4fcfb72a2a5196d23e03c3d1c9997d384b5e39","1","No"
"0x9c7084dc621379d0cf6cf8401c4a5d63a205c7ce","1","No"
"0x9ca6466591c8d69b6caee5c38384bad3da6966b1","1","No"
"0x9cce60d269e9f3388b30b538733cb02826005542","1","No"
"0x9cd38ccdcb65311cfce1d67b84d6e9c9766b500d","1","No"
"0x9d00074a4a2733357c0a1d8d9fc22b8ba7cb5250","1","No"
"0x9d0470191de018908e78d753affe1b8fe0be5b3b","1","No"
"0x9d216af655706716364e29afd656a723d62fc9e5","1","No"
"0x9d65aec25641e307924eea952681c70c601f0486","1","No"
"0x9d69b67eb3b529e7750e16823fd89e7d16e55f58","1","No"
"0x9da0f1ddd6281e040199bd9c052f1ba5a1c03f83","1","No"
"0x9dc9647b87aeed333c454d83eb365a2a443a7016","1","No"
"0x9e702ade7d608b689af5b6c156621607ef11ee22","1","No"
"0x9eb92000e4e50e99777a9533649dbf9fd2fea01a","1","No"
"0x9ee8cc8f36112ae5db475a0851bc280041c82bae","1","No"
"0x9f50183812bf7dad0967e6cb42aa041919c13026","1","No"
"0x9f574685d1ecc6925c17ef2f55ee75afdb3fbe1a","1","No"
"0x9f5fca723bc5de03248a52dc01665619697e7caf","1","No"
"0x9f66fd8038c37dac084aa7a98ba47cd17ce7782a","1","No"
"0x9fb1b16e62e3b8c39fb760eb2328a34033656c6e","1","No"
"0x9fcb991a021f6738721c00496877fe2a0e4d5370","1","No"
"0x9fe4ff5daf0a46cf0407557ce6b973b8f599028e","1","No"
"0xa052bfc6158021ffc3ddb1fddb254b549f50e4a8","1","No"
"0xa069bade3f799d2aa30cbcffbff74e383dad825a","1","No"
"0xa07ba62c3af689607821ea77edd4217240f74c46","1","No"
"0xa096a75c748a8b4539424324ba32fd64d1bae9c6","1","No"
"0xa09b9b42c993bbdb20b2ffd282d3c3b3c1cefab7","1","No"
"0xa0a20fa31b3f78a741f8f0e8cae8eb857bcca2ce","1","No"
"0xa0c698d04a0cd730dfd36e1a3818d222370cb2ff","1","No"
"0xa0cb600f61d6588c3d2a0df1237bd8dc04063e00","1","No"
"0xa13367c80cd26ad7a13f11ad6550da2fd1f4dddc","1","No"
"0xa185ba34fb35bda60a62131a9c576fd11e66d3c5","1","No"
"0xa19759ff2af6ae4f132c0938559dc2816cf06680","1","No"
"0xa1bf04d34ff929f3d054c8edb95f1addd55fe93c","1","No"
"0xa1c0c0ff6eaa63e7b0c7bf441fc146afdb08fc7b","1","No"
"0xa1ef48c4ecd532f7402f167cdd822959e10c1cdc","1","No"
"0xa21a3c80d3573d470ffddd1c5d9c7e0ec727629d","1","No"
"0xa25b900bdc84551e1b60d46e700af7c4d0b5270b","1","No"
"0xa26f95a222260fa3fe2abdae05dab24cfa9648ae","1","No"
"0xa2828f0368b1fe45677cde7dbe6a7885846cd260","1","No"
"0xa293eb0ce1d777ca7960bc33b0beb2135fd3c3ae","1","No"
"0xa2c408956988672d64562a23bb0ed1d247a03b98","1","No"
"0xa2ce40fd39d7ba93804f5eadf4d9e07a90534b3d","1","No"
"0xa2dc9c9fe3ef4076aa09acdebcef801725a003c6","1","No"
"0xa30795513319eaeb450d58dbe88849641c6a39fe","1","No"
"0xa33a5c0ad72f65043c9b27fef56ea97dd2756fee","1","No"
"0xa34f9b1e33454299caf2f291d46d2e47053f7e66","1","No"
"0xa36ab054b551572c98761ab14cdb1e3dfe47a98d","1","No"
"0xa38279dbdcdf72a728a56c39be5637d70006d936","1","No"
"0xa3d4a38a38456b10a5c5affb8232f5824aac360f","1","No"
"0xa3df89f8109ae80097c3483638e734c3c1048e65","1","No"
"0xa411ee71cb05fc0f9ab32d4008f148988ca81e9c","1","No"
"0xa446fee6792520157a1f21b604889b8ccaca69f7","1","No"
"0xa47b757b56a9eaa69341cfc712d9efeb06315b1f","1","No"
"0xa4b120fdb2fd946a67fbe996cb650dc2cd7d55f2","1","No"
"0xa51e9de0effc522bfc68489c864794a6f62c1381","1","No"
"0xa532c34703b06f8e8895bfabd365b264213a0243","1","No"
"0xa5357cf5ab1de32be7157a5ce80bcb1bf96d66b5","1","No"
"0xa54a8a290c5f713ba11b0a9ee8148b62caacde9f","1","No"
"0xa54ef4cc680a34054b02a843e7d9caa2d5e7b72a","1","No"
"0xa580453e5fd41a20d2a3284c0f28345699ffcbed","1","No"
"0xa5c05adef1736971c74609a5a1ab61a54c6a3bdd","1","No"
"0xa5e0bea9931080793e6e753899181688600b2f87","1","No"
"0xa5fe0dae781b977f5fd7a51735486babc0f8fde2","1","No"
"0xa61416d47385852c65e584e107b21f0d88dbcabb","1","No"
"0xa62a1dc969e995e28a2e5e6c61487006ea8441c6","1","No"
"0xa66277439e3a01612f5e37cd5926574bee238ff9","1","No"
"0xa666d62ceb4c4322c78070fc9a55eb16b6fc1424","1","No"
"0xa69273638bed94e15b5982aa487e676e03d7e9ad","1","No"
"0xa694312def4f67e8356fb79b7d54b3dce79dad86","1","No"
"0xa6d9165e5e2ece4f42d257205d87eeccbf9119de","1","No"
"0xa6e6998a9932e1edd4ed4b25d0e12176b4b6c7b8","1","No"
"0xa6fa558a1d2bfcdf49556f3fa40a770c4d81a0fd","1","No"
"0xa71f9252da4653be90068f1df8a480c870d144c3","1","No"
"0xa74d4bd2b254180432c30ee3914906a79b770b56","1","No"
"0xa74e4260db4fd369d12c20293fa3d49190c2cd0a","1","No"
"0xa74e65f8bee81a717de22cc49d798caa11fb494a","1","No"
"0xa774e0115636e0b7420cc5c044ba1135a2a38cd1","1","No"
"0xa798cb404d51132050a2dcd35c1f8c56cc73b310","1","No"
"0xa7d193ee3be57ca3a07ddea54eb25c31fff58482","1","No"
"0xa7e294283e61fc678f151a73ea368ab5d1812329","1","No"
"0xa7e9062679041c5fb8682092dba9283e8ba20e9a","1","No"
"0xa830488a25751f7da0f5488f714c96f0035687de","1","No"
"0xa863e8469152323927f29ebbb7a904c389e26404","1","No"
"0xa87196f79c8db6fa4fce39322e4ed4f53b52fd9e","1","No"
"0xa8a3d4aa2932d5e01274c14d5902462f92141e83","1","No"
"0xa8c7c516cb465a581833bbf1e0ba78c017752ebc","1","No"
"0xa8cb94d75ae78a5be0095ee09654904236863270","1","No"
"0xa8edae6e138a732ba99b288225829f6709043fa4","1","No"
"0xa929f0764ff83e4b815ad0358927297df9cd1e16","1","No"
"0xa942533ecf3b410e773f9c6692893f338e39aa1d","1","No"
"0xa9b58fe5dbe7f9867858fc167ed61fa292a445d7","1","No"
"0xa9d050e5b6622e6de68d8c164ba834c020622ffa","1","No"
"0xa9f0352fa781103781111b2a6378469d18d9224a","1","No"
"0xaa13c6f99b3cb6cf45c3ae5e5f12d22bd17097cd","1","No"
"0xaa2c323ddc48fbc1ef1640dab8021c8699b7cccd","1","No"
"0xaa827e168383259208fd6007385b2ffd55c3d375","1","No"
"0xab24052dac70d382fe78a79f8a2a253d1345dcf1","1","No"
"0xab3ce3e1af4535e63646861850f8cb341b41fe6e","1","No"
"0xab52a2eb6f600b42738c18912c932407346313fe","1","No"
"0xab799c5d55675d45f4371e161f893cdef4e5d3e5","1","No"
"0xabb3c07c18c22e60c1eddc6555c33ffe36acea3a","1","No"
"0xabdf6613572e18be44432813da57edccfcf5f8b8","1","No"
"0xabf4d9da4db0f3c2db1b37410aca2350644b712d","1","No"
"0xac1b4a61feabdc589e0f932cf94992945ef1e7cc","1","No"
"0xac36d3a0b0f715933aa40b5b194b1a1fedd64e0d","1","No"
"0xac565ac76d8e70bb7bd17d0fed5289223e5ff417","1","No"
"0xac573bae7642ea9178758c5eca0d5a609ffa7689","1","No"
"0xac6061ea5b92e5240a3eb9c2741fef13edc5dff9","1","No"
"0xac631df831ba39832fa234f6d8121bc9eba26c28","1","No"
"0xacaaa6d678fc99add3c27e73c0a159bd625d1fea","1","No"
"0xacd88161fb698ea256fd7d513cc893a1a49bd9ce","1","No"
"0xacdd1b77d5dc617585b1e22ede4cbea816c0d847","1","No"
"0xacdd8229abea9aaf8e50d3d77266f0677bd66bff","1","No"
"0xacf2df3ddd8024edd4a03f496097e4cf19b19f1f","1","No"
"0xad4177af64bd8c61ae821c2f0b348c8e1d52df77","1","No"
"0xadf65c3cdf6759080492bb5efd98f0c3d2e25a1e","1","No"
"0xae2ebc053481a4516f37c9aad9225bcfee4be8a9","1","No"
"0xae3f5f96ff418888b4e3fe41a0fabbba9eed9670","1","No"
"0xae6e9fd3ce5262b5575d18d88fd33999a1484471","1","No"
"0xaeaa72442feaf5e78e87402c1ece889eb256ae23","1","No"
"0xaeb3b6a4a2ab180dd9f81a66624337e1b7024ca2","1","No"
"0xaed4a80b64704095affd1f20e58db1ed23b3f5f6","1","No"
"0xaee454deca387b532a3a6ded04581d1a076ab8e7","1","No"
"0xaeefbf5b9da4827d995baa0121cec4bf967d28ea","1","No"
"0xaef9916a9ccb664033882c35ed85d0c5977b269b","1","No"
"0xaefba0f43b7b2423c09ed04fbbe3ec7029af11e8","1","No"
"0xaf6126503ba2eb8e8623d1d09e6822879e6f65c1","1","No"
"0xaf9e383b417aa5b74605450b9c7dba7b9ba9b6e0","1","No"
"0xafe43c50b46cc5905ae9069680b631224ccfce36","1","No"
"0xb040e2536b9313609d17621067d210f24a8caae2","1","No"
"0xb055646e1f94c7733e2ba3e1a4c1755f999555cb","1","No"
"0xb0d6a326bddeac70be655668158042a9306ba92c","1","No"
"0xb0eee121278cd09d136c8d546c28bbb1f6a2cdf8","1","No"
"0xb0f4f6f67787d7c4ad1ccb4106d1bd2c3f1682e5","1","No"
"0xb10836933f34c5a0dc159c918a24435ab4e53908","1","No"
"0xb10c38a4e8816f49801c3f2929eeb6e0d5fc8e11","1","No"
"0xb12f0cf7fa91f6aac33b5d127c7c75e8bfc3184f","1","No"
"0xb148662b0301ae4e78065e7d56a3d6c08dceb152","1","No"
"0xb1b014d88d79bcbe9863f3dc4e3f33bdb9d27144","1","No"
"0xb1cfe0db77e6b7e060a20a019ea78bd409ee725f","1","No"
"0xb24e4344d008eee6ca322a8dc1116ece4d27eac6","1","No"
"0xb26223a513d810acde43f3259cfedc83594004f3","1","No"
"0xb279f56b1f71f85d59dc1499e697e4f005298c14","1","No"
"0xb292674a403dd6ef8408be1514178d9e83ea5c57","1","No"
"0xb2ea9cd8c2863733e46594cf1de9dca8497821e2","1","No"
"0xb2eaedcad19a55e483c1562aad08670df74122a3","1","No"
"0xb31acf45a41163f5c0dc1b715e57b3bc242ffc9d","1","No"
"0xb31cfa61cca9588fa9014e846d74ae1d9d3fbd67","1","No"
"0xb32842f73c26ad9837f2e4bc7871e0d8e6db80f5","1","No"
"0xb35acc4b8813520ca8d8fb9f2e2432633760f9a8","1","No"
"0xb3788f34b703afb8b19243300b55b3b3197739aa","1","No"
"0xb37d27f81cdec4e47ea01728657ad0205a4156a2","1","No"
"0xb37f723d7ddcbe5d962017f8ba9a03d39fce6419","1","No"
"0xb39235d5c05d1fac33ab86791d9c0df6986b1812","1","No"
"0xb3c0ba0a3cab1f22496350eb3814a9a113457cb3","1","No"
"0xb3e2729f68b8a7879c78aa2d081023b52d55d2fd","1","No"
"0xb4056168518618853ae08a5d0c9009fc590fe646","1","No"
"0xb43341d20df16c11f8b390dc1a9131a353d75f5e","1","No"
"0xb4446ff780a02ed4d3322af87056a12dc560ac99","1","No"
"0xb474d59ecfdf5ce3ca581fa2e6ea3b6e59be8148","1","No"
"0xb47560026013a5bb143ae28580ccf11f5b07403e","1","No"
"0xb47f6409eeb5aca8648b0ed17b51d5c15c62cbc3","1","No"
"0xb49d462761af4675717463c141e7e8a7e9ca357f","1","No"
"0xb49e205f644f8c1abfac22924bd79b932fd73f8c","1","No"
"0xb4b371b1808131867adb14cb178dde009a2ab673","1","No"
"0xb4bb37c424aeec694b8b1389e8a139c0d5009c6d","1","No"
"0xb5246d9086b7f8b50325e30166fd992fb28791c5","1","No"
"0xb59b77e4b8e97ea5066f82d80e0ca9d5b01a55bd","1","No"
"0xb60d5588c24f72ae87f258650666bebc65b1952b","1","No"
"0xb6395525819a4a3d74be262d1a9d0c7adfadac00","1","No"
"0xb63cc77900e52f5d539fd25c8a36040047dba9d5","1","No"
"0xb649851b5a8567f12aab71e3c0602c2ecf5c6d6a","1","No"
"0xb6601826e1d9988cfc07595ea50f63264286e420","1","No"
"0xb6cd76c7ec777e3f512ff64c03f1d2bde0e98321","1","No"
"0xb6f579dfd1d469c5f0ef0699d5a00b4c766d0924","1","No"
"0xb70760bf57c3295999f978fe404f4ec906669330","1","No"
"0xb707c2efe7a8e41332f88a003f5f2dd7645529b5","1","No"
"0xb7267b31b943dab687ff4a9a63b3da28ef2b9337","1","No"
"0xb792dabd425850e2d8c0e38a26866ff359e1ad3d","1","No"
"0xb867ba86746b4b3268508b014a3fefd2a938cb27","1","No"
"0xb8aa743832d2e0d1400bfb3bdf9e17fcd6615aab","1","No"
"0xb8d419591f616e0e7f3a53de5fcf8d89d41c8460","1","No"
"0xb92434c7d2bc7206cea58e1227a5b9ca20b9177d","1","No"
"0xb98183c7360d94bcf03957f6d4541b6886e1d0fb","1","No"
"0xb9960251fee4b38e44db63f0963209200361a356","1","No"
"0xba3ad907aa43127906594f172162dcaa2de82f7e","1","No"
"0xba66d0c5781e29d4d25a3fb7139a01737f1102d9","1","No"
"0xbabce30d9453aed24199862453af00c600c215f6","1","No"
"0xbb31d7142116f3a18f20678f0c2d1fd56b73fd83","1","No"
"0xbba19edf7aaa7d7c331907adbe597a4c4c8f6e78","1","No"
"0xbbaff7c13fce3a64ba7a410797e929b7d01a0b6d","1","No"
"0xbbb0b369d838ae69790da1125c917531c439856f","1","No"
"0xbbb297bcba2cb3a138373b4fb4d10a75914c951c","1","No"
"0xbbd70aa8f227b85b9e28c04c20b3519c01aedf56","1","No"
"0xbbdef007d3d4438a299b423f7f6642efdd46feee","1","No"
"0xbc05e925ee4365048a1831ff3f6e15f819b3cb29","1","No"
"0xbc4ba5639d7636d8a4f3d8504c8bc55506220525","1","No"
"0xbc5b68f6acb343201598d1fc1df53c1e270b8a88","1","No"
"0xbc8e2d00d06ff3b352272b09e7ca0efb2c48572d","1","No"
"0xbc8e7b1a9bb419a58d68212cff01b4f36ab884be","1","No"
"0xbc95ec7c175aad9e632856bb12ccd8040b7f1476","1","No"
"0xbceb2cc170ee6616ea2ad5d526c77172531914d3","1","No"
"0xbcfa158bc2d05803259a0e3363ceeddab57eec89","1","No"
"0xbd20b1948417856ebf52fee9117df6bc75d8ff5c","1","No"
"0xbd53f70263d63b10de7dca216e65158e8f769c94","1","No"
"0xbdd83bd273d52ba54b49483686461071959116fb","1","No"
"0xbdf19866d582212cba1eb65fb12fec4d0ca9a47b","1","No"
"0xbe74a87891ef296530c840beadef9c582bb17ff5","1","No"
"0xbe852414e7ae72c62aeae14f3f56c7fb323e5384","1","No"
"0xbe9716cc5cb387de62e755186de56bd49299cf82","1","No"
"0xbea6b515566c71052678875904d3ad848264e9b1","1","No"
"0xbeb49f1dd83a417e26b20a81b1e3e3175affcab7","1","No"
"0xbf17192a2900c9942c0d0ab1d90f197aa8aa2a13","1","No"
"0xbf51a573be3234c1ce8f74541129ff9ae7734581","1","No"
"0xbf74936ff2651ed1a8eb0f809e2c3f12aa25c1fa","1","No"
"0xbf8742bbc988f00f611dd593cb61e7940e6da9ff","1","No"
"0xbfa80bb1508bb4740dae8601987cbc7d5c918413","1","No"
"0xbfbfe05d02fd3b841f4e945f3068a6cf93964508","1","No"
"0xbfcb3505edf84c01f9f392de50a48ff3b0cd0eb3","1","No"
"0xbfd0fc9d98662eb499a90b1b8f388f16fc6ee44c","1","No"
"0xbfd12763764bcff399201b7596eff8e43cafa923","1","No"
"0xc00096f66c61996dff1a5764cb5f8dc50e9635d6","1","No"
"0xc02b6c4b79ae270b25ad19ad5648e5aa0a3b3e36","1","No"
"0xc032370eac7c0342c202d51f38512e2a07a0e3bc","1","No"
"0xc07c611c2d8ae76abaeb4b6e347f2a6836ee76c0","1","No"
"0xc0a1162c3ff721daa7e0141eb639cfb5765ea589","1","No"
"0xc0b3b4df7b85d92e67a6cec44de90773545d3daf","1","No"
"0xc0c45b643f51e54a53eb1dfbf1a0d4f80e40a095","1","No"
"0xc0c5035ce13378ae000167d60cd56e46ec95ae3f","1","No"
"0xc0d7c1cc751f04ce577b354716d488f6ab710ec3","1","No"
"0xc110550f5a77fe5bcb26ef51f9ad043379687d39","1","No"
"0xc138d2fce8cd794e5fa0cc882294db1eac931b62","1","No"
"0xc15b89b1eeb9f22c08852bea7359abc9347c0522","1","No"
"0xc15f60db3f7a8994e4e96c24979194bfb3dba2ca","1","No"
"0xc1797862a7193998ff7450868acb102c4f3d04fa","1","No"
"0xc18752a3595c9bd89b22c117499579deab57a598","1","No"
"0xc18939310659f193931c518b0922e4d9d3673756","1","No"
"0xc1fb10b7acd16ab38e3359b707e84f63cf0c4ea6","1","No"
"0xc20e122c9b55cc34f3bdc39b248aa7c24605955d","1","No"
"0xc22b97619b14e25c729b7d0f1377fe1c7dda3840","1","No"
"0xc247338ddbab5f685278fbe20f824d4060b342ab","1","No"
"0xc26dffd823aa6e69ffdc5f5baf98ea62ca0a4a35","1","No"
"0xc27cacf32232ffb8a90af4ae65dc466a9a343fc3","1","No"
"0xc2c49e32ee3dea4aeb16cd45203e5837812578d6","1","No"
"0xc2e868a1994bbb3e16e587c2bfa91130c20a761f","1","No"
"0xc35bb775c26e344a92cd5297b12d9f613c46995a","1","No"
"0xc3ab92fc5f29227648662cce8f014575f059e6e7","1","No"
"0xc3ccf1dbb75f6941f039984fb94baf531467a388","1","No"
"0xc44ad34d0e9af6572d6fbcdf6e1f2afdea0b77e0","1","No"
"0xc45e087310fd8e48fad25f991f6431368fc5db66","1","No"
"0xc476e72903ddc694f84249baf29d2ac6f570d4b8","1","No"
"0xc4913dcccc7f8ae8757385e33a8264d9b711048b","1","No"
"0xc4b79d480ed9cd9b0a8ec86814443a8edaa303bf","1","No"
"0xc4edf94e83f4d8db673c2d1d878e57780ff50980","1","No"
"0xc4fcda28d29fb4a659bab8d4be012340ce192010","1","No"
"0xc560f16b05b80592840d45fa746188380f8fab65","1","No"
"0xc57b50158cce019c69431a590e628b3dc867018b","1","No"
"0xc5be8a98ab70e7b43003d255ec2a71c382a442b2","1","No"
"0xc61b08a6990e54a33149bebd900822460c3458e8","1","No"
"0xc61cb02ccc80b862ccf83e8f567c4dc36b547168","1","No"
"0xc621b6721327d2547b48a72adefe053401d2a430","1","No"
"0xc67386ea8680ee5da236a6e06fbb344f7730f3fe","1","No"
"0xc67ec4ccda3c60f44a4d32a983b001ee04689595","1","No"
"0xc6903cd1f45ebb58534f8499479e9f0633265410","1","No"
"0xc6953ed112a875d2d57ff3e1afec99964555870c","1","No"
"0xc6f7067b596e9b14244575584bbb18e4555f5874","1","No"
"0xc72cdecced4e0bae4417272dde2d3c9b069f192c","1","No"
"0xc75f6e7695550d48213ddf10161a4884580c39e7","1","No"
"0xc7614e2b180e5915c3f7a8f5d2adebc01348cea0","1","No"
"0xc7c6c058a5380b7634c89226443e7d55b5666410","1","No"
"0xc7d87f49c5b666d692a364bcd9148bfe28fe948c","1","No"
"0xc80dcc37b597e0f6532b12b2334dd26d0d4f2f38","1","No"
"0xc81242ef6c308f4055bef6ca5913211f7326de62","1","No"
"0xc8b08e60f5545d5faf2fe5293075e43f38bc0f33","1","No"
"0xc8d46eb7881975f9ae15216feeba2ff58e55803c","1","No"
"0xc8e9974cd8a5d53cd68b7f70817a4c39415c622c","1","No"
"0xc8f4119741c24df81bfe4a84262c070a07dc2288","1","No"
"0xc913d477203cfabb16e710a71502b7d46dce24f9","1","No"
"0xc93b75b15523d85c879b9b714cc9501090534ac5","1","No"
"0xc967c8c411e97691b47605fc9928caebadd05abc","1","No"
"0xc98fdf75b2cd44e5330e031176d79239d3d5cccc","1","No"
"0xc994dc14f19e6e9f95d1ea50dc13e3fc14178b25","1","No"
"0xc9b2fb227b2d31c2dda51d0729ebe6302f1d5a7d","1","No"
"0xc9bd8d37302bfa4cddb8afad3a03cd187f3f2318","1","No"
"0xca0639720d07ed7af32850c2be9c55edfedb6c09","1","No"
"0xca33b547d3a9fb25743d6e1c388d6135e8bce8a6","1","No"
"0xca37d9d0acb3f45f9c73f318c4083210040eb6ee","1","No"
"0xca63a0f3ac9bdaf6dd83bf2646bc2c0e9cf974bd","1","No"
"0xca7bcbfbfb5ec4881dd2d9bab75da996f696bbf2","1","No"
"0xcabcb181daac36c79fd524f0ae45890dc5135e06","1","No"
"0xcac240fffea52513117f960559837b096f74ec8d","1","No"
"0xcb1873a6c84232b7cdc95cc6a5b72e4997498d4f","1","No"
"0xcb49d7e7a55b73458f91c4761a810f28664d8856","1","No"
"0xcb8d02079049943ea129ac10bbb51f5f9beb1128","1","No"
"0xcbbfece866a198f01ebd93b4ebe2d674542bec7c","1","No"
"0xcbd6a94d545465bbdb72247389702a724e76c668","1","No"
"0xcc38d49cc052052011d0f736150a9d1dfd687ad5","1","No"
"0xcc68a519d5469a18e271af3f17a06875ee55f654","1","No"
"0xcc74892a7264187285d439d3b9c9c04e599e15e5","1","No"
"0xcca8b6b91ddba5e4b6c5a441f41ff2c7786f6fb3","1","No"
"0xcceaf73483ab394efc6879c6d0986a130ebbce90","1","No"
"0xccf83262df2ce7513e77eee11ea609be78e045b5","1","No"
"0xccfafb3fba6162e4c75814143bee59a5e27548e3","1","No"
"0xccfdedbd8d434a7989606647e0b5e54f0d552a89","1","No"
"0xcd01ca96d1c360eb2f6fb1beddac601e9b9e4ad1","1","No"
"0xcd0a58063fc604a9c2c0b793916777ff6c6a7333","1","No"
"0xcd6f9876227cadd6438d28bf5a43cef2422d9475","1","No"
"0xcd97c87a7cf6b7292ecaebf2180eab7cc168a77e","1","No"
"0xcde4bfa44a874fe9e482caa4e2fe09996498a683","1","No"
"0xce228458f1f1af2264f85bc16b101fdc2ade7104","1","No"
"0xce33767b0241a27bf4d5b88fc23842c31241ca4e","1","No"
"0xce3bc9f8a049c3ff4fc2af27f70b8ff906d869fe","1","No"
"0xce46afef7f6c972cefcb2cbdac0a9e4604bdc080","1","No"
"0xce5f967fdcbab1ff86b8a7b632df33d6806c1a1b","1","No"
"0xce797b56f9637aaf4058c38093949aafbf48ef57","1","No"
"0xcec9bfecde6044eef641c9c1d76b112b536e9234","1","No"
"0xced05a5d217e189927a5c26e26f02e43fb166390","1","No"
"0xcf4e4593f73698ee5b7cb12f22aedfc0da8ae88f","1","No"
"0xcf57ec8b12a8a1ef149d4d95b7ec4743ba054483","1","No"
"0xd00a83bf25fd51ca40c11fb2cc798ab182eac2e4","1","No"
"0xd01b569900214b3864a588e09a711fbf3c506807","1","No"
"0xd0330fa3f7ed47dfc432e5326046a1093204a260","1","No"
"0xd14cb1bc9032e0251b11143438da5c3a3ccd867d","1","No"
"0xd1c00c134addb46411a674c9b16d14309e834aaa","1","No"
"0xd22941a27c6c466f10d0a32434d0738552617068","1","No"
"0xd249b8fb2814a0df5f0034f4d68d9a2c41660a57","1","No"
"0xd276e8a008e45739c21f1dfbcc54a1abe78c1e41","1","No"
"0xd2b9eb60332efcb774113239109e2b6d51e96e8f","1","No"
"0xd32677dec8236927448e8c9b5508259d9cbeb092","1","No"
"0xd34489ecac1330844bd40b459a7f0a23171a5969","1","No"
"0xd3aef0a5e56718745657350520e9faa35205d460","1","No"
"0xd3b1c820894399566ddcc466e7ceffa3b70abea4","1","No"
"0xd3d37a33b1b97f28bc40121e177bacd65c33c770","1","No"
"0xd4236f89ad96d4bff68b3110caf2a0662e14ed08","1","No"
"0xd43db1e2c250c33c3320cd3aaa27f82759421c36","1","No"
"0xd4474987b5a6ec93c5d37fbc9f70762feda34224","1","No"
"0xd455579d17768603b0f2c2b80d858b65d6c1681d","1","No"
"0xd4705d9d99dd5040fde2958ce3fa3c67c4a2a21e","1","No"
"0xd481f8dba3b7e64385fd2298aacf975ac3fa28a5","1","No"
"0xd50077afe2434a0612306d65344bdb28f6075058","1","No"
"0xd51531930811ba6c510d0de3ff410a7786086875","1","No"
"0xd520d45e8efc6e0bc43d044097bca75903b97156","1","No"
"0xd5510454921222320578f40eb5b544344c98daa1","1","No"
"0xd5605e3edaf5d4e52f816f84f919889963fe3959","1","No"
"0xd590426909a113853b3b75e0f660f226f7642bc0","1","No"
"0xd5cd4169d75fa1567c773af21964bc85ed701c6e","1","No"
"0xd5dcfd68aca1dad164f1892ccc75036f9a03fd37","1","No"
"0xd60912e549b5eb818871b60ae6573b6e90a00df4","1","No"
"0xd63c18650df9c0542debeb0139361a63b261de68","1","No"
"0xd702eb5c4e21f3a9632eef3e6fcff730729b666c","1","No"
"0xd70b35ef7efa04aa0d9acce9f948cf738b2c3618","1","No"
"0xd725d4cc2d69a6135d843eecbcff3c36750bdc39","1","No"
"0xd780e3614e93cbaa22f4e9ef2e5caecd5b1c8186","1","No"
"0xd7839904569399c386bdd8701db017339c6af798","1","No"
"0xd788a97a3efeb860a212433f3f53b70d555ecdc2","1","No"
"0xd7f13540284a13f08a27be87dc203d9c0ef0af25","1","No"
"0xd81651dd40455da3106b599d8c68d4178af0c7ed","1","No"
"0xd832be24692a6eee98422fc57858ba1a5190c792","1","No"
"0xd85827f526c85523d29e74dc8803fbca9f21122d","1","No"
"0xd89eaeab92d048a1371efa1a68653681f87b0fc0","1","No"
"0xd8f251bf80b891c74f0974c97f86a6fb506d5a91","1","No"
"0xd8f851cc63d4176fc1f36a79726e69fe970c6984","1","No"
"0xd95677f6b9cc860b6fd54dc6554236a78e6ec8da","1","No"
"0xd9987adcbb3992327dc445ac0a3d5430bc95225c","1","No"
"0xd9a802cc5e29e6d7d299e2545cd3a1fb1c44b262","1","No"
"0xd9d836ebc67abeec65b29e586f89816dab991f69","1","No"
"0xda7af163900c010ce9fde3df8c1572b898b94e89","1","No"
"0xdaa66b2e4170bcd1c89e127bfd0f91f13e28b19f","1","No"
"0xdab087c3e8963996a558c7098d36cbffe519e94a","1","No"
"0xdadd6ce3c6cfc267b6e9ea638fdb92a02ffe9398","1","No"
"0xdb0e8e5e9fe5773f79bfa29a2b493a12c0488092","1","No"
"0xdb28588cfb951d49438fb6a8ee090d97b54cccc7","1","No"
"0xdb4ac38c2a412854dbe64ceeabfa3824a4200866","1","No"
"0xdb52fe377f7a0a8abf4195fd7596784a4f09e64f","1","No"
"0xdb656ae889306821fcd8b0256b4f66bced538d43","1","No"
"0xdbc4a082beb35f9a256c06d57636b0dcad9cc6be","1","No"
"0xdc11572302aab3b0776703ebb914711b50155645","1","No"
"0xdc24adba35f7f91fb0e2818c8f6103686b32a0f1","1","No"
"0xdc257356ca69aa7ae642aa932678d8c0e41b346d","1","No"
"0xdc4083b9f856b07cfc088e38a37ee4c3a2cb4aed","1","No"
"0xdc495958a7f0b999dace44b74a1812395211137c","1","No"
"0xdc5f7b6a9512986b2bd5a3725412284f5c44d8fe","1","No"
"0xdc624a640b2ba72227eac0aa85cab140eb7397df","1","No"
"0xdc6d332e03de3b66ec2e21db61285774e004a7fa","1","No"
"0xdce11aef913574085233e2f6f1547b243cb54050","1","No"
"0xdce279ac064105049e6c1a777337f3eca07c9c2b","1","No"
"0xdd110d27dc343fd81afd6f50807c98ec7e933442","1","No"
"0xdd36f15ce783592a21b49869f9b1ea40f69f3571","1","No"
"0xdd4c495772d870da0bb819766221b9d2b5f7c211","1","No"
"0xdd621f5c25555442384c6196427da57039e8922d","1","No"
"0xdd78e83b8d9265cb86085ba764610b68e00018af","1","No"
"0xdd7951648e5147d5f696f12b453365320b4d08a4","1","No"
"0xdd7b4f4f40c7329934a72e756d1e6120eda89db4","1","No"
"0xddb1b692e7b72692ea23a2c31ccfa1c38bd845ff","1","No"
"0xddc06da930967f1dce1e160d88f3a7629d963cbc","1","No"
"0xde1367958a5c81b0752277870222ced7fda30c80","1","No"
"0xde30181bebd88f7b32fd2ab4f57e4c557e675e8b","1","No"
"0xde3ea265ae1ea941ec34cb5dc0d751cb6e31401d","1","No"
"0xde49187dbff0a7d5479f6292d5ad602e769c6fd2","1","No"
"0xde6d59a1bac947ca7d320859c8354b42d521cc87","1","No"
"0xdea50e1525a4cf02a6d3ef8ac5ee1d2ff03b1088","1","No"
"0xdec7778a7e416b0f4988bb1faff70ce9fad6c233","1","No"
"0xdecfce6476a66bf8cb1a9f3005ce5496363a99de","1","No"
"0xded0cfa05d0154a5995fefdd7b9eb92dad30ac53","1","No"
"0xdee1b5428b8d51a6caee48e9ffb513661b0a7206","1","No"
"0xdf78485f8c99a7be3f01b016c2f54a176d466237","1","No"
"0xdf7dc381d7fc82dd7d7713aa34cb5d30de1784e5","1","No"
"0xdf828d32a65f75aa90d97f0e25889930c39de56e","1","No"
"0xdf8334df35f7bbddba1dcc052ef028c4282e6c71","1","No"
"0xdfd0155cf6a15d981ca5017edea37a6779298693","1","No"
"0xdff88f2f42bac2f5ddb3fda80eee9d17597b47a3","1","No"
"0xe116d5f4ccd817e93a4827b4b1166fb3fa61bec5","1","No"
"0xe14a4383ea37ac45cc59f7959078747267c81e76","1","No"
"0xe1653f6805635f8dc97d12f2e7ee4ecc7eee2991","1","No"
"0xe17e89ffe6acdfec92dbbb53183eb996b8213d7d","1","No"
"0xe19d52a0878a42527e6aa2ee57e843cca8e31e6c","1","No"
"0xe1b2ca02964529eb347ce573c876e390ec38d472","1","No"
"0xe1c6411a4b7a7b692fe880a46c90458dc46a91a9","1","No"
"0xe206d7b738212264319bda47264cc79b4d227c24","1","No"
"0xe22647c7596c3459154039cfa37cf539c5ca57ef","1","No"
"0xe27096104229e545a7c88f3f522f77301d859c67","1","No"
"0xe2719b4f4836c5d3812905569656edbd4a751756","1","No"
"0xe28dc9bf56a35f49266557302907978b1249d3ba","1","No"
"0xe2cb4459b44003dc4701160ace7be2f7acd1ab63","1","No"
"0xe306243b2f6224d1afcf16280d7781b14566ad6e","1","No"
"0xe31b4b22342a9369ef1e1cc0852b381933b0938e","1","No"
"0xe344feb418adc002dea9843db3bbbf1b462da6d1","1","No"
"0xe3921277177e0b9acd49f90d6d02a155d6b3a894","1","No"
"0xe398ba4cfb491d9255b4e7bb44695f48a1cad658","1","No"
"0xe3a89beba9210f8552d3b51018387c1b009a34ba","1","No"
"0xe3aa26e8a1167f9a55b51af63f0b9b145d8e1b50","1","No"
"0xe3ace8029f1da1ea4f2191debc75f7452d36ad82","1","No"
"0xe3e6173cf908b3522e6250b4dd1bd5a53f107f45","1","No"
"0xe3f6abd80f0ff751404c5babf2ed09a8cca61267","1","No"
"0xe3ffdad888afa0456901085277022fcf5bd98c1f","1","No"
"0xe4c0966c23ae11c449f8432cc8923e291d6bf6e8","1","No"
"0xe50000934a2b8021a9b7dde8a065dbbae9ca2029","1","No"
"0xe53be01d66948a134934e70882c0099f23f42dea","1","No"
"0xe55aa6200949a169ea0a84aef2f8e328cde7c195","1","No"
"0xe5795d1da9995eb7326f2f7d1f4b82718b5a4594","1","No"
"0xe5e51233b1e5c92839a3f359fee6c7ed9cdcf5bf","1","No"
"0xe5ed194381b6d0b7c1156848ab241c9167592e60","1","No"
"0xe706e0ba246545fea6cc2d7ed810359c57831f25","1","No"
"0xe72c3e0f988496825a32b07e937e44c327cefce1","1","No"
"0xe7317f29452f7a7d9cba03fb2d5094146b21a59e","1","No"
"0xe735a1af8a3afa727f906b7176dc610ae561d863","1","No"
"0xe75ea8c9a5ee62152c5e7d46600f386a504d8aae","1","No"
"0xe8090f29c80090b20b3fff9fc5a5d5145e341e8f","1","No"
"0xe862e3527d169b29642b8f89ec1296912f8414f7","1","No"
"0xe86a744d629c18517268e777368f41aeb0756a6a","1","No"
"0xe86cc837021e2603d94d1ff54c25e1b9b5ee4c35","1","No"
"0xe8945a5a3cd4c57ac6a53d520e4225bdb81a836b","1","No"
"0xe8aef387dae20fa5b489c16e2de0cc1ced593c06","1","No"
"0xe918e77eb3b579c77d90fc2f97aa458e263d24cb","1","No"
"0xe950cd1484007431d73a53e2f1f975877291bf7b","1","No"
"0xe97933b8f07d5a7017bb7bdef598591ca57680c5","1","No"
"0xe9a9c837b8918efa22f6e801ae8fd867ce247126","1","No"
"0xe9ab9c9f52a5cf6a0d544a354543e11276bea954","1","No"
"0xe9e718f5734b8bb715d996ecff3fc3af4c61fcc1","1","No"
"0xea2fd5499f79544aa6821507cbfaa2fba37b01e3","1","No"
"0xea5389a165b5a1d9eb6d996f6b89286719875eea","1","No"
"0xea5f10fdef2524606a7a97d294f10d500428880d","1","No"
"0xea7abef16165b00c9a99237c14207acb5b1ebe19","1","No"
"0xeaa6f592efa56a9bdc326a6d5e06dc733283f6ec","1","No"
"0xec68f45ca1f242efc6bbe5d86e7e9beeef408862","1","No"
"0xec76ee04d4890d6f460a623a2d0c01816dc9b121","1","No"
"0xecb3f09d17c8d2996f96ccd5858310ddc84c9efe","1","No"
"0xecbd8f886d3eb389d289f2748de40d651e0e7e1a","1","No"
"0xecbfc7ea482c3dea153658ee1adb21b7701e9a35","1","No"
"0xecc23ecc7364c3883f3d3539882031e281226685","1","No"
"0xecd4efed13c88925903c32f7cda31b4711042dd5","1","No"
"0xed4b84ad50db938d1ace90eb9e0ac79c2942fbfa","1","No"
"0xed912813e70d3cce3915ed6fa4fdcb5c31d8e69a","1","No"
"0xeda2880b407ec0ff4401c6bf5b886cfba219fce1","1","No"
"0xedd73ecbe208dd58676e372ac1e436e3a221457d","1","No"
"0xedf897d8a7b21581769262c10729194e9a460a55","1","No"
"0xee036fe07b1dbfd2ff6e7e88509c14819ce8bb4e","1","No"
"0xee1a2833f49e2d7707e2fbc84714c2c7e38710cf","1","No"
"0xee1f97f0ed3eaad109e9942159c16396cd16f8a7","1","No"
"0xee4889bd170948fe2447a6bb9914b683bb3bd2a1","1","No"
"0xee4c781dab4907f2301d0b14603b1041ec62d3c7","1","No"
"0xee730a25ca18b1ba36f5992ba50e562b70391954","1","No"
"0xeea2bd8326817fbfdb8d8fdb4a8e406b1b989a84","1","No"
"0xeeaec1ef998f634fb23572677a4c8915263b43f2","1","No"
"0xeec48c6423b2c5b4ed6e57a9e49465fc1f83b0f7","1","No"
"0xeecc69967cf2421e0a21ac7af9f39f8765e98667","1","No"
"0xeeeeb3490fffbc1902d623ba6566fe7f3d6543da","1","No"
"0xef5affffa431881c141b50a7d1534ec008513cd0","1","No"
"0xefa404f19aa18930f446ef59cb4777fe82fd24f5","1","No"
"0xf008e9787fa0cf41451a954b83e4493a68d035e9","1","No"
"0xf01628aa10a58194f18c21b402fe92abab9ebc35","1","No"
"0xf0204ee2367ac166cf88ce8f17e975fecfcda7ec","1","No"
"0xf03d170907605af6973a3f5ef9121f1f151af565","1","No"
"0xf048df50c0a4307cf633fa4d5ef1d28ccf4d43cf","1","No"
"0xf06f848eb6c5c209d3f0e3058477f290aebfbb9e","1","No"
"0xf071867a86d48b0c07fd17a5458472ca1a31931e","1","No"
"0xf08ad7b78dab3ee2006b48dbabf2f2dbf8046957","1","No"
"0xf0a2d010c5dc807cfb01f712a3b885e18a566ddc","1","No"
"0xf0a51d6e42301d930ebcd857ad9ce33726063546","1","No"
"0xf0f9b2eb022499777c538bca2c0909005fafb804","1","No"
"0xf10db63aa9acda89403d582dbbe41185cea1eec5","1","No"
"0xf1695604e0b09e51d6c868abaffe907bd60395bc","1","No"
"0xf1968b79700cf60c1e2548ca1050c2c48a949fc8","1","No"
"0xf1c0c4a7003331d9821d43018a01cf99c1fe48f0","1","No"
"0xf1c95802db2e0f9ffb3f199a619f12d775994aa4","1","No"
"0xf23f6bd1a912c34d1d06c3989441d88ec0204917","1","No"
"0xf252a3b468594da5b95cf117ae7b1b4b983d3848","1","No"
"0xf253c885f7e5f2818c03547b16f5e9068d4735aa","1","No"
"0xf280ef6d278a485f6feb9d3242fd65d09633ec33","1","No"
"0xf2a465e59f7fd9a3f7e059a95abfafeb96455000","1","No"
"0xf2d0d18add7a0865c1557f3d2f8682581821c613","1","No"
"0xf2e5ace7212ff94abf665b234e5e9cfa7d0df14a","1","No"
"0xf2ef04a1b38cc7a0e3c288e4fa3e2b727b14f834","1","No"
"0xf3003048bc02a9628d142a872f9a91a23435f0f3","1","No"
"0xf369636e8a83acc57d6704211563b3d7724b88ba","1","No"
"0xf3875934643f6f8430fd45f78157b3dd83a1b43f","1","No"
"0xf3913844afbb04379b075751ec161c8738b3384a","1","No"
"0xf3b4ade14d14504dd2520a0107d04cc3c0b8d4f3","1","No"
"0xf3df5617ed7d7538968c71b7dcb6054e75d34dc2","1","No"
"0xf3e1a8bd6ecf8773f168c6c368e379c685b0d509","1","No"
"0xf4021b79fd8294fa323268525da1ef77eeb4ba01","1","No"
"0xf4175f7f00c33b07e6bec11b53c7af0a94ba55cf","1","No"
"0xf423f16aae3361a114d32e3d48dc4a13910785f9","1","No"
"0xf452427ab63b883ec4a8190a5dd507b8ae79bd75","1","No"
"0xf48347a26a5a36cbc6c285cccff6c48f0464079d","1","No"
"0xf4abcf17b64e626b83b6bc6b6e61bffefc685f91","1","No"
"0xf4ce6df319c49fb6e12ebc1c2d49eaa5d5819c54","1","No"
"0xf4d4e919e26660cd2fc0bcdf807e97d248ae1ee7","1","No"
"0xf4dd167c2a61f94cf454bc9663a79ea8c38ee78c","1","No"
"0xf509728cce4d6b9f222125e5d3563b0d23fe62ba","1","No"
"0xf557baac868d67fdcac1a1e8215045926e9eb778","1","No"
"0xf5796e379ec5078934bd45323f8b5cc603278ec7","1","No"
"0xf5cc371845a6eb02710f46134b901dc988e4c4e8","1","No"
"0xf6f40ced4cb39ed9eb2c2857b8cd0ccc2ddac241","1","No"
"0xf7491ca5007c38ea19ef8baa8d54cebcad8e2872","1","No"
"0xf779185154a80482e8217cb5457c8f0186b3d536","1","No"
"0xf77deeeb1f1f0e71751c8269af11cbcbe572749b","1","No"
"0xf787ff396bf53b51ed68c54a57305946e1ab6fac","1","No"
"0xf867c16cf3f5b880cbcbb27ec0cb304073256ddd","1","No"
"0xf872fd4900c165114e46a7641ab7cec5d8be9dfd","1","No"
"0xf875028aaf1b2dc3961e935d3b336714f69dbb9c","1","No"
"0xf8769f7f729f4cd17277152706d607fb659c1a48","1","No"
"0xf886ed35d2c87aa406ebecaa8c9b904efc537bf2","1","No"
"0xf8b07cb2f09a13dbe331bb3753e4bd5318f99751","1","No"
"0xf8c017c4eaac11f617e8c4d1cb584454780fb284","1","No"
"0xf8e8ac939c00f712bcad3d0ddcaa53d9be70b28a","1","No"
"0xf907ecfd7f3e91b104632dcd97a8e2d8852c197e","1","No"
"0xf916bbf959dbaa946f54036fe64217db6b3f1d38","1","No"
"0xf9216b6820067cd7ba464a32c67bd2cf690d0842","1","No"
"0xf988fdd3929c84e17d582f5496e8ccc44049165b","1","No"
"0xf98934c818cc28d0bd47a8cb6c2f146c647b8ac3","1","No"
"0xf98f3faabc33db5d781ba5a2da687a1332d1781d","1","No"
"0xf99c15a02f3f9a9edc08be6a6adc851227ccfab0","1","No"
"0xf9c228fa7aa0a2d9a721bf22210764305a2cacc0","1","No"
"0xf9c315ee9894cc396a498780b63bf8f643a3a775","1","No"
"0xf9d345add50b0fcb9122f4ed559b5c95383a2ebf","1","No"
"0xfa168450cb1fdcd9bce0bde4ca9925ab6f89ab00","1","No"
"0xfa26d95f413ae2060bfcc0c2e6b85be5865b850f","1","No"
"0xfab8ac206a883f9cad5b1ebbeadb30f633e81484","1","No"
"0xfade41403a1eee72d805c42f1eaf5f53a54d0e0d","1","No"
"0xfaf339336dbe1102d963f0552b962936c93e0228","1","No"
"0xfaf5ce3c7f2c22c65d2646e0b54c49afa817d707","1","No"
"0xfb4ddbfa8a7140722fb67cde03d5a299672b31a3","1","No"
"0xfb6e1f15c368f43884b12c8af3769f16f3d342dd","1","No"
"0xfb8907533080dd48d97b39d36c198925f8afb7bf","1","No"
"0xfb9d1ba3c01d789fd8bb3d6eaf6e4000a5231db1","1","No"
"0xfbc6d35823a82ec3ffc685e57f9ded3639fb5660","1","No"
"0xfbd04ca974f3d6b6065c1ad66467a27e0eb75e49","1","No"
"0xfc04bb6805be0b612686c763711dc094618a152c","1","No"
"0xfc1bf0572962e44887f2aca289a32b1e6cfcbfec","1","No"
"0xfc350a747151b06b5311a1a2a395a2b1d38baf17","1","No"
"0xfc5e5fffdd11109994322caef0c4974fdf9b993a","1","No"
"0xfc8158b8376336881d8c4022dcff8b0ded1cdcfe","1","No"
"0xfcca00d1d41ee18304fef8c082c549668f1bb5cd","1","No"
"0xfce338e13c120d5796fba28cc41312f279db6b3e","1","No"
"0xfd0c3365277e445d239a175d4d4355348cc9447d","1","No"
"0xfd28783cec97e76c1bf2cc9676a59414e5f0d5a4","1","No"
"0xfd38be164faf77d44eacfbcc0a85f5b83c396679","1","No"
"0xfd49f8282a58ea75ab6f0437aaf36a7bddc06c21","1","No"
"0xfd744b00628b9229d61b346258d31327ebae2f92","1","No"
"0xfd74a586f2605fc8f91fcb6a47e25d4a845eb56d","1","No"
"0xfdaaede6e77489537a8fa7b4603dbea877ecb40d","1","No"
"0xfdce0196e44ee576daf352eed6c8adf0ca96d77a","1","No"
"0xfde8ed3441fa6cea91daf4e796192d53bd52720a","1","No"
"0xfe6bd4f568a0dfb7bc1e470375bb4e3896bbacb0","1","No"
"0xfe96980093ffdb1e0beb536c1867d05ec87df46b","1","No"
"0xfea285f73c9719b3b0415975c18100956d952642","1","No"
"0xff88ae16e437bc180f7366fe7e4bf21324f71260","1","No"
"0xfff6f989b20f4f9c378b7e9eac6d45ad0374c6c9","1","No"
